Constituency,Code,2020: Number of properties at >1% risk,2020: Number of properties at >0.1% risk,2020: Number of properties at >0.01% risk,2018: Number of properties at >1% risk,2018: Number of properties at >0.1% risk,2018: Number of properties at >0.01% risk,2016: Number of properties at >1% risk,2016: Number of properties at >0.1% risk,2016: Number of properties at >0.01% risk,2020: Percentage of properties at >1% risk,2020: Percentage of properties at >0.1% risk,2020: Percentage of properties at >0.01% risk,2018: Percentage of properties at >1% risk,2018: Percentage of properties at >0.1% risk,2018: Percentage of properties at >0.01% risk,2016: Percentage of properties at >1% risk,2016: Percentage of properties at >0.1% risk,2016: Percentage of properties at >0.01% risk
Aldershot Boro Const,E14000530,832,3360,3458,834,3360,3458,845,3386,3498,1.7%,6.7%,6.9%,1.7%,6.7%,6.9%,1.7%,6.8%,7.0%
Aldridge-Brownhills Boro Const,E14000531,215,250,250,215,250,250,215,250,250,0.6%,0.7%,0.7%,0.6%,0.7%,0.7%,0.6%,0.7%,0.7%
Altrincham and Sale West Boro Const,E14000532,445,1031,1198,445,1124,1167,446,1124,1167,0.9%,2.1%,2.5%,0.9%,2.3%,2.4%,0.9%,2.3%,2.4%
Amber Valley Co Const,E14000533,821,1121,1121,821,1121,1121,819,1121,1121,1.6%,2.2%,2.2%,1.6%,2.2%,2.2%,1.6%,2.2%,2.2%
Arundel and South Downs Co Const,E14000534,1650,2217,2217,1752,2319,2319,1749,2329,2329,2.4%,3.3%,3.3%,2.6%,3.4%,3.4%,2.6%,3.5%,3.5%
Ashfield Co Const,E14000535,232,273,273,232,273,273,231,273,273,0.4%,0.5%,0.5%,0.4%,0.5%,0.5%,0.4%,0.5%,0.5%
Ashford Co Const,E14000536,865,1986,2813,865,1987,2813,871,2018,2841,1.2%,2.8%,3.9%,1.2%,2.8%,3.9%,1.2%,2.8%,4.0%
Ashton-under-Lyne Boro Const,E14000537,89,89,89,89,89,89,89,89,89,0.2%,0.2%,0.2%,0.2%,0.2%,0.2%,0.2%,0.2%,0.2%
Aylesbury Co Const,E14000538,810,2212,2525,1339,2976,3301,1340,2982,3301,1.3%,3.7%,4.2%,2.2%,4.9%,5.5%,2.2%,5.0%,5.5%
Banbury Co Const,E14000539,1079,1837,2216,1078,1839,2217,1078,1837,2217,1.5%,2.6%,3.1%,1.5%,2.6%,3.1%,1.5%,2.6%,3.1%
Barking Boro Const,E14000540,419,5034,10130,443,5468,11146,1332,6101,11144,0.7%,9.0%,18.1%,0.8%,9.8%,19.9%,2.4%,10.9%,19.9%
Barnsley Central Boro Const,E14000541,204,387,387,204,387,387,204,387,387,0.4%,0.8%,0.8%,0.4%,0.8%,0.8%,0.4%,0.8%,0.8%
Barnsley East Co Const,E14000542,741,883,916,754,899,932,753,898,931,1.5%,1.8%,1.9%,1.6%,1.9%,1.9%,1.6%,1.9%,1.9%
Barrow and Furness Co Const,E14000543,2572,3799,3884,2749,4050,4138,2721,4050,4138,4.6%,6.8%,6.9%,4.9%,7.2%,7.4%,4.9%,7.2%,7.4%
Basildon and Billericay Boro Const,E14000544,218,296,312,218,296,312,233,335,358,0.4%,0.6%,0.6%,0.4%,0.6%,0.6%,0.5%,0.7%,0.7%
Basingstoke Boro Const,E14000545,738,847,847,737,847,847,739,847,847,1.4%,1.6%,1.6%,1.4%,1.6%,1.6%,1.4%,1.6%,1.6%
Bassetlaw Co Const,E14000546,2891,4786,4792,2891,4786,4792,2890,4786,4792,4.7%,7.7%,7.7%,4.7%,7.7%,7.7%,4.7%,7.7%,7.7%
Bath Boro Const,E14000547,3846,5757,5757,3848,5757,5757,3844,5757,5757,7.6%,11.4%,11.4%,7.7%,11.4%,11.4%,7.6%,11.4%,11.4%
Batley and Spen Boro Const,E14000548,1443,1738,1739,1441,1738,1739,1489,1760,1760,2.6%,3.2%,3.2%,2.6%,3.2%,3.2%,2.7%,3.2%,3.2%
Battersea Boro Const,E14000549,89,879,33150,89,879,33150,89,879,33150,0.2%,1.5%,56.1%,0.2%,1.5%,56.1%,0.2%,1.5%,56.1%
Beaconsfield Co Const,E14000550,2223,3777,4055,2299,4106,4463,2405,4204,4560,4.0%,6.7%,7.2%,4.1%,7.3%,7.9%,4.3%,7.5%,8.1%
Beckenham Boro Const,E14000551,2123,2645,2645,2123,2645,2645,2123,2645,2645,4.9%,6.1%,6.1%,4.9%,6.1%,6.1%,4.9%,6.1%,6.1%
Bedford Boro Const,E14000552,497,1653,1653,512,1668,1671,512,1668,1671,0.9%,3.1%,3.1%,1.0%,3.1%,3.1%,1.0%,3.1%,3.1%
Bermondsey and Old Southwark Boro Const,E14000553,23,23,72658,23,23,72658,23,23,72658,0.0%,0.0%,96.3%,0.0%,0.0%,96.3%,0.0%,0.0%,96.3%
Berwick-upon-Tweed Co Const,E14000554,1253,1964,1967,1252,1969,1979,1255,1969,1979,2.0%,3.1%,3.1%,2.0%,3.1%,3.1%,2.0%,3.1%,3.1%
Bethnal Green and Bow Boro Const,E14000555,183,340,356,183,340,356,183,340,356,0.2%,0.5%,0.5%,0.2%,0.5%,0.5%,0.2%,0.5%,0.5%
Beverley and Holderness Co Const,E14000556,7273,17174,17296,7273,17174,17296,7273,17177,17296,9.8%,23.2%,23.4%,9.8%,23.2%,23.4%,9.8%,23.2%,23.4%
Bexhill and Battle Co Const,E14000557,796,3445,3460,796,3445,3460,800,3471,3486,1.1%,4.9%,4.9%,1.1%,4.9%,4.9%,1.1%,4.9%,4.9%
Bexleyheath and Crayford Boro Const,E14000558,230,291,2805,232,298,2822,232,298,2822,0.6%,0.7%,6.9%,0.6%,0.7%,6.9%,0.6%,0.7%,6.9%
Birkenhead Boro Const,E14000559,417,515,532,348,429,446,348,429,446,0.8%,1.0%,1.1%,0.7%,0.9%,0.9%,0.7%,0.9%,0.9%
"Birmingham, Edgbaston Boro Const",E14000560,1205,1256,1256,1205,1256,1256,1205,1256,1256,2.3%,2.4%,2.4%,2.3%,2.4%,2.4%,2.3%,2.4%,2.4%
"Birmingham, Erdington Boro Const",E14000561,120,1320,2064,120,1320,2064,120,1315,2064,0.2%,2.7%,4.3%,0.2%,2.7%,4.3%,0.2%,2.7%,4.3%
"Birmingham, Hall Green Boro Const",E14000562,1104,1427,1427,1111,1427,1427,1111,1427,1427,2.3%,2.9%,2.9%,2.3%,2.9%,2.9%,2.3%,2.9%,2.9%
"Birmingham, Hodge Hill Boro Const",E14000563,1325,1630,1630,1325,1630,1630,1325,1630,1630,2.9%,3.6%,3.6%,2.9%,3.6%,3.6%,2.9%,3.6%,3.6%
"Birmingham, Ladywood Boro Const",E14000564,1500,2238,2238,1500,2238,2238,1505,2238,2238,1.9%,2.8%,2.8%,1.9%,2.8%,2.8%,1.9%,2.8%,2.8%
"Birmingham, Northfield Boro Const",E14000565,692,747,747,692,747,747,692,747,747,1.4%,1.5%,1.5%,1.4%,1.5%,1.5%,1.4%,1.5%,1.5%
"Birmingham, Perry Barr Boro Const",E14000566,1574,2131,2131,1574,2131,2131,1575,2130,2130,3.3%,4.5%,4.5%,3.3%,4.5%,4.5%,3.3%,4.5%,4.5%
"Birmingham, Selly Oak Boro Const",E14000567,1494,1866,1866,1764,1866,1866,1764,1866,1866,3.0%,3.8%,3.8%,3.6%,3.8%,3.8%,3.6%,3.8%,3.8%
"Birmingham, Yardley Boro Const",E14000568,278,514,514,490,748,748,488,746,746,0.6%,1.0%,1.0%,1.0%,1.5%,1.5%,1.0%,1.5%,1.5%
Bishop Auckland Co Const,E14000569,1004,1930,1932,1008,2063,2065,1008,2067,2069,1.6%,3.1%,3.1%,1.6%,3.3%,3.3%,1.6%,3.3%,3.3%
Blackburn Boro Const,E14000570,1026,1715,1715,1125,1862,1862,1125,1862,1862,2.0%,3.4%,3.4%,2.2%,3.6%,3.6%,2.2%,3.6%,3.6%
Blackley and Broughton Boro Const,E14000571,310,5874,6042,309,5914,6176,572,6125,6176,0.6%,10.5%,10.8%,0.6%,10.6%,11.0%,1.0%,10.9%,11.0%
Blackpool North and Cleveleys Boro Const,E14000572,726,8195,15243,548,7966,15243,549,7962,15243,1.5%,17.0%,31.5%,1.1%,16.5%,31.5%,1.1%,16.5%,31.5%
Blackpool South Boro Const,E14000573,117,918,973,117,918,973,117,918,973,0.2%,1.7%,1.8%,0.2%,1.7%,1.8%,0.2%,1.7%,1.8%
Blaydon Boro Const,E14000574,334,771,771,398,677,677,404,677,677,0.7%,1.6%,1.6%,0.8%,1.4%,1.4%,0.8%,1.4%,1.4%
Blyth Valley Boro Const,E14000575,151,797,797,151,799,809,155,809,809,0.3%,1.8%,1.8%,0.3%,1.8%,1.9%,0.4%,1.9%,1.9%
Bognor Regis and Littlehampton Co Const,E14000576,1520,5071,5680,1520,5071,5680,1561,6362,6969,2.7%,9.0%,10.0%,2.7%,9.0%,10.0%,2.8%,11.3%,12.3%
Bolsover Co Const,E14000577,388,474,478,388,474,478,388,474,478,0.7%,0.9%,0.9%,0.7%,0.9%,0.9%,0.7%,0.9%,0.9%
Bolton North East Boro Const,E14000578,929,1082,1103,868,1022,1043,916,1146,1176,1.8%,2.1%,2.2%,1.7%,2.0%,2.0%,1.8%,2.2%,2.3%
Bolton South East Boro Const,E14000579,162,295,295,346,955,955,349,958,958,0.3%,0.6%,0.6%,0.7%,1.9%,1.9%,0.7%,1.9%,1.9%
Bolton West Co Const,E14000580,993,1355,1355,842,1126,1126,843,1127,1128,2.0%,2.7%,2.7%,1.7%,2.3%,2.3%,1.7%,2.3%,2.3%
Bootle Boro Const,E14000581,87,94,94,8,15,15,8,15,15,0.2%,0.2%,0.2%,0.0%,0.0%,0.0%,0.0%,0.0%,0.0%
Boston and Skegness Co Const,E14000582,17839,62594,62606,17840,62597,62609,17840,62599,62609,25.6%,89.7%,89.7%,25.6%,89.7%,89.7%,25.6%,89.7%,89.7%
Bosworth Co Const,E14000583,294,339,339,294,339,339,294,339,339,0.5%,0.6%,0.6%,0.5%,0.6%,0.6%,0.5%,0.6%,0.6%
Bournemouth East Boro Const,E14000584,240,351,355,240,351,355,240,351,355,0.4%,0.6%,0.6%,0.4%,0.6%,0.6%,0.4%,0.6%,0.6%
Bournemouth West Boro Const,E14000585,89,132,132,89,132,132,91,132,132,0.2%,0.2%,0.2%,0.2%,0.2%,0.2%,0.2%,0.2%,0.2%
Bracknell Co Const,E14000586,990,1270,1270,990,1270,1270,988,1269,1269,1.9%,2.5%,2.5%,1.9%,2.5%,2.5%,1.9%,2.4%,2.4%
Bradford East Boro Const,E14000587,217,425,425,217,425,425,217,425,425,0.4%,0.8%,0.8%,0.4%,0.8%,0.8%,0.4%,0.8%,0.8%
Bradford South Boro Const,E14000588,69,69,69,69,69,69,69,69,69,0.1%,0.1%,0.1%,0.1%,0.1%,0.1%,0.1%,0.1%,0.1%
Bradford West Boro Const,E14000589,1037,1860,1940,1037,1860,1940,1037,1860,1940,1.9%,3.3%,3.5%,1.9%,3.3%,3.5%,1.9%,3.3%,3.5%
Braintree Co Const,E14000590,1031,1719,1865,1133,1832,1978,1133,1833,1978,1.7%,2.8%,3.0%,1.8%,2.9%,3.2%,1.8%,2.9%,3.2%
Brent Central Boro Const,E14000591,2480,3331,3344,2480,3331,3344,2466,3331,3344,4.0%,5.4%,5.4%,4.0%,5.4%,5.4%,4.0%,5.4%,5.4%
Brent North Boro Const,E14000592,836,1135,1135,836,1135,1135,829,1135,1135,1.6%,2.2%,2.2%,1.6%,2.2%,2.2%,1.6%,2.2%,2.2%
Brentford and Isleworth Boro Const,E14000593,538,1966,20663,538,1966,20663,538,1966,20663,0.8%,2.8%,29.1%,0.8%,2.8%,29.1%,0.8%,2.8%,29.1%
Brentwood and Ongar Co Const,E14000594,1183,1640,1640,1092,1532,1532,1110,1578,1599,2.0%,2.8%,2.8%,1.8%,2.6%,2.6%,1.9%,2.7%,2.7%
Bridgwater and West Somerset Co Const,E14000595,4980,26215,27914,4946,26179,27893,6380,27713,28222,5.9%,31.1%,33.1%,5.9%,31.1%,33.1%,7.6%,32.9%,33.5%
Brigg and Goole Co Const,E14000596,15336,25931,26597,15341,25931,26597,16781,27474,27789,27.2%,45.9%,47.1%,27.2%,45.9%,47.1%,29.7%,48.6%,49.2%
"Brighton, Kemptown Boro Const",E14000597,1246,1265,1265,1246,1265,1265,1246,1265,1265,2.5%,2.5%,2.5%,2.5%,2.5%,2.5%,2.5%,2.5%,2.5%
"Brighton, Pavilion Boro Const",E14000598,0,0,0,0,0,0,0,0,0,0.0%,0.0%,0.0%,0.0%,0.0%,0.0%,0.0%,0.0%,0.0%
Bristol East Boro Const,E14000599,699,1037,1037,723,1040,1040,723,1040,1040,1.4%,2.0%,2.0%,1.4%,2.0%,2.0%,1.4%,2.0%,2.0%
Bristol North West Boro Const,E14000600,307,3200,3729,307,3182,3711,315,3254,3786,0.6%,6.1%,7.2%,0.6%,6.1%,7.1%,0.6%,6.2%,7.3%
Bristol South Boro Const,E14000601,1066,3643,3643,989,2622,2622,992,2622,2622,1.9%,6.5%,6.5%,1.8%,4.6%,4.6%,1.8%,4.6%,4.6%
Bristol West Boro Const,E14000602,1465,7399,7399,1505,7391,7391,1506,7391,7391,2.0%,9.9%,9.9%,2.0%,9.9%,9.9%,2.0%,9.9%,9.9%
Broadland Co Const,E14000603,1252,1909,1914,1260,2058,2064,1314,2207,2276,1.9%,2.8%,2.8%,1.9%,3.1%,3.1%,2.0%,3.3%,3.4%
Bromley and Chislehurst Boro Const,E14000604,1031,1595,1595,1035,1618,1618,1042,1618,1618,2.3%,3.6%,3.6%,2.3%,3.6%,3.6%,2.3%,3.6%,3.6%
Bromsgrove Co Const,E14000605,1184,1235,1235,1185,1237,1237,1183,1237,1237,2.1%,2.2%,2.2%,2.1%,2.2%,2.2%,2.1%,2.2%,2.2%
Broxbourne Boro Const,E14000606,1320,5437,6326,1320,5437,6326,1357,5437,6326,2.7%,11.1%,12.9%,2.7%,11.1%,12.9%,2.8%,11.1%,12.9%
Broxtowe Co Const,E14000607,1199,8471,8946,1199,8471,8946,1197,8468,8946,2.4%,17.0%,18.0%,2.4%,17.0%,18.0%,2.4%,17.0%,18.0%
Buckingham Co Const,E14000608,932,1118,1118,977,1184,1184,977,1184,1184,1.3%,1.6%,1.6%,1.4%,1.7%,1.7%,1.4%,1.7%,1.7%
Burnley Boro Const,E14000609,448,1839,1839,454,1908,1908,801,1929,1908,0.9%,3.8%,3.8%,0.9%,4.0%,4.0%,1.7%,4.0%,4.0%
Burton Co Const,E14000610,1539,14896,14965,1540,14896,14965,1553,15219,15288,2.6%,25.2%,25.3%,2.6%,25.2%,25.3%,2.6%,25.8%,25.9%
Bury North Boro Const,E14000611,850,1324,1382,840,1326,1734,884,1340,1734,1.8%,2.8%,2.9%,1.8%,2.8%,3.6%,1.8%,2.8%,3.6%
Bury South Boro Const,E14000612,718,1139,1204,617,909,1902,620,914,1902,1.4%,2.3%,2.4%,1.2%,1.8%,3.8%,1.2%,1.8%,3.8%
Bury St. Edmunds Co Const,E14000613,1085,1457,1462,1290,2130,2135,1356,2218,2223,1.5%,2.0%,2.0%,1.8%,3.0%,3.0%,1.9%,3.1%,3.1%
Calder Valley Co Const,E14000614,6710,7713,7718,6713,7715,7720,6717,7823,7828,10.4%,12.0%,12.0%,10.4%,12.0%,12.0%,10.4%,12.2%,12.2%
Camberwell and Peckham Boro Const,E14000615,0,0,22291,0,0,22291,0,0,22291,0.0%,0.0%,36.6%,0.0%,0.0%,36.6%,0.0%,0.0%,36.6%
Camborne and Redruth Co Const,E14000616,1582,1813,1839,1582,1813,1839,1581,1811,1839,2.7%,3.1%,3.1%,2.7%,3.1%,3.1%,2.7%,3.1%,3.1%
Cambridge Boro Const,E14000617,1426,1813,1827,1438,1822,1836,1438,1822,1836,2.3%,3.0%,3.0%,2.3%,3.0%,3.0%,2.3%,3.0%,3.0%
Cannock Chase Co Const,E14000618,492,520,520,579,607,607,579,607,607,1.0%,1.0%,1.0%,1.1%,1.2%,1.2%,1.1%,1.2%,1.2%
Canterbury Co Const,E14000619,4304,7940,8560,4398,8181,8802,4395,8182,8802,6.8%,12.5%,13.5%,6.9%,12.9%,13.9%,6.9%,12.9%,13.9%
Carlisle Boro Const,E14000620,740,6425,6439,740,6425,6439,781,6692,6706,1.4%,12.4%,12.4%,1.4%,12.4%,12.4%,1.5%,12.9%,12.9%
Carshalton and Wallington Boro Const,E14000621,1303,2282,2282,1298,2270,2270,1300,2270,2270,2.9%,5.1%,5.1%,2.9%,5.0%,5.0%,2.9%,5.0%,5.0%
Castle Point Boro Const,E14000622,63,166,20450,132,563,20901,133,563,20901,0.1%,0.4%,43.8%,0.3%,1.2%,44.7%,0.3%,1.2%,44.7%
Central Devon Co Const,E14000623,4533,5266,5402,4408,5109,5220,4739,5448,5558,5.5%,6.4%,6.6%,5.4%,6.2%,6.4%,5.8%,6.6%,6.8%
Central Suffolk and North Ipswich Co Const,E14000624,872,1193,1193,893,1214,1214,941,1264,1264,1.2%,1.7%,1.7%,1.2%,1.7%,1.7%,1.3%,1.8%,1.8%
Charnwood Co Const,E14000625,1101,2489,2489,1101,2490,2490,1111,2560,2560,2.1%,4.8%,4.8%,2.1%,4.8%,4.8%,2.1%,4.9%,4.9%
Chatham and Aylesford Co Const,E14000626,1179,2211,3077,1214,2381,3258,2043,3211,3245,2.6%,4.8%,6.7%,2.6%,5.2%,7.1%,4.4%,7.0%,7.0%
Cheadle Boro Const,E14000627,1027,1445,1445,1026,1444,1444,1030,1444,1444,2.3%,3.2%,3.2%,2.3%,3.2%,3.2%,2.3%,3.2%,3.2%
Chelmsford Boro Const,E14000628,1718,2706,2818,1718,2706,2818,1725,2710,2818,3.2%,5.0%,5.2%,3.2%,5.0%,5.2%,3.2%,5.0%,5.2%
Chelsea and Fulham Boro Const,E14000629,17,17,39026,17,17,39026,17,17,39026,0.0%,0.0%,59.1%,0.0%,0.0%,59.1%,0.0%,0.0%,59.1%
Cheltenham Boro Const,E14000630,1751,2199,2199,1754,2209,2209,1757,2262,2266,2.9%,3.6%,3.6%,2.9%,3.7%,3.7%,2.9%,3.7%,3.8%
Chesham and Amersham Co Const,E14000631,569,1145,1148,550,1055,1058,1376,1408,1408,1.1%,2.2%,2.2%,1.1%,2.0%,2.0%,2.6%,2.7%,2.7%
Chesterfield Boro Const,E14000632,1758,2171,2209,1764,2178,2216,1764,2178,2216,3.2%,4.0%,4.1%,3.2%,4.0%,4.1%,3.2%,4.0%,4.1%
Chichester Co Const,E14000633,2261,6747,6747,2463,7406,7406,2479,7653,7653,3.0%,9.0%,9.0%,3.3%,9.9%,9.9%,3.3%,10.2%,10.2%
Chingford and Woodford Green Boro Const,E14000634,819,1457,1458,819,1457,1458,818,1457,1458,1.9%,3.4%,3.4%,1.9%,3.4%,3.4%,1.9%,3.4%,3.4%
Chippenham Co Const,E14000635,1554,1931,1931,1554,1931,1931,1556,1933,1933,2.8%,3.4%,3.4%,2.8%,3.4%,3.4%,2.8%,3.4%,3.4%
Chipping Barnet Boro Const,E14000636,202,380,380,202,380,380,202,380,380,0.4%,0.7%,0.7%,0.4%,0.7%,0.7%,0.4%,0.7%,0.7%
Chorley Co Const,E14000637,347,475,475,347,475,475,360,491,491,0.6%,0.9%,0.9%,0.6%,0.9%,0.9%,0.6%,0.9%,0.9%
Christchurch Co Const,E14000638,1112,3507,3524,1112,3507,3524,1112,3507,3524,2.2%,7.0%,7.0%,2.2%,7.0%,7.0%,2.2%,7.0%,7.0%
Cities of London and Westminster Boro Const,E14000639,53,53,32172,53,53,32172,53,53,32172,0.0%,0.0%,26.2%,0.0%,0.0%,26.2%,0.0%,0.0%,26.2%
City of Chester Co Const,E14000640,259,1195,1542,259,1195,1542,256,1195,1542,0.5%,2.1%,2.8%,0.5%,2.1%,2.8%,0.5%,2.1%,2.8%
City of Durham Co Const,E14000641,621,678,678,638,678,678,637,678,678,1.2%,1.3%,1.3%,1.2%,1.3%,1.3%,1.2%,1.3%,1.3%
Clacton Co Const,E14000642,287,4579,4697,297,4873,5068,296,4874,5068,0.5%,8.2%,8.4%,0.5%,8.7%,9.1%,0.5%,8.8%,9.1%
Cleethorpes Co Const,E14000643,7965,13197,17794,8001,13233,17830,8004,13245,17831,14.0%,23.2%,31.3%,14.1%,23.3%,31.3%,14.1%,23.3%,31.3%
Colchester Boro Const,E14000644,448,1418,3186,449,1572,3440,448,1572,3440,0.7%,2.4%,5.3%,0.7%,2.6%,5.7%,0.7%,2.6%,5.7%
Colne Valley Co Const,E14000645,1284,1869,1869,1284,1869,1869,1283,1869,1869,2.1%,3.1%,3.1%,2.1%,3.1%,3.1%,2.1%,3.1%,3.1%
Congleton Co Const,E14000646,743,962,994,949,1018,1050,1175,1342,1401,1.3%,1.7%,1.8%,1.7%,1.8%,1.9%,2.1%,2.4%,2.5%
Copeland Co Const,E14000647,2596,4803,4970,2596,4803,4970,2733,5146,5315,4.6%,8.4%,8.7%,4.6%,8.4%,8.7%,4.8%,9.0%,9.3%
Corby Co Const,E14000648,1200,2123,2123,1200,2123,2123,1226,2151,2151,1.7%,3.0%,3.0%,1.7%,3.0%,3.0%,1.8%,3.1%,3.1%
Coventry North East Boro Const,E14000649,254,308,308,254,308,308,254,308,308,0.5%,0.6%,0.6%,0.5%,0.6%,0.6%,0.5%,0.6%,0.6%
Coventry North West Boro Const,E14000650,1000,1318,1318,1000,1318,1318,998,1318,1318,2.0%,2.6%,2.6%,2.0%,2.6%,2.6%,2.0%,2.6%,2.6%
Coventry South Boro Const,E14000651,611,738,738,611,738,738,611,738,738,1.0%,1.2%,1.2%,1.0%,1.2%,1.2%,1.0%,1.2%,1.2%
Crawley Boro Const,E14000652,2933,4527,4527,2933,4527,4527,2930,4527,4527,5.1%,7.9%,7.9%,5.1%,7.9%,7.9%,5.1%,7.9%,7.9%
Crewe and Nantwich Co Const,E14000653,639,1620,1620,650,1631,1631,650,1631,1631,1.1%,2.7%,2.7%,1.1%,2.7%,2.7%,1.1%,2.7%,2.7%
Croydon Central Boro Const,E14000654,919,962,962,919,962,962,919,962,962,1.7%,1.7%,1.7%,1.7%,1.7%,1.7%,1.7%,1.7%,1.7%
Croydon North Boro Const,E14000655,1418,1651,1651,1418,1626,1626,1417,1626,1626,2.3%,2.6%,2.6%,2.3%,2.6%,2.6%,2.3%,2.6%,2.6%
Croydon South Boro Const,E14000656,2693,2694,2694,2693,2694,2694,2693,2694,2694,5.1%,5.1%,5.1%,5.1%,5.1%,5.1%,5.1%,5.1%,5.1%
Dagenham and Rainham Boro Const,E14000657,65,830,4436,74,846,4455,74,846,4455,0.1%,1.7%,8.9%,0.1%,1.7%,9.0%,0.1%,1.7%,9.0%
Darlington Boro Const,E14000658,747,1103,1103,747,1103,1103,748,1103,1103,1.5%,2.2%,2.2%,1.5%,2.2%,2.2%,1.5%,2.2%,2.2%
Dartford Co Const,E14000659,1023,2046,4527,1101,2235,4943,1101,2228,4943,1.9%,3.8%,8.3%,2.0%,4.1%,9.1%,2.0%,4.1%,9.1%
Daventry Co Const,E14000660,714,998,1101,731,1015,1118,781,1073,1244,1.1%,1.6%,1.7%,1.2%,1.6%,1.8%,1.2%,1.7%,2.0%
Denton and Reddish Boro Const,E14000661,37,82,82,37,82,82,36,81,81,0.1%,0.2%,0.2%,0.1%,0.2%,0.2%,0.1%,0.2%,0.2%
Derby North Boro Const,E14000662,5658,7221,7265,5658,7221,7265,5658,7221,7265,10.0%,12.8%,12.8%,10.0%,12.8%,12.8%,10.0%,12.8%,12.8%
Derby South Boro Const,E14000663,1786,3868,3974,1786,3869,3975,1786,3870,3975,3.0%,6.5%,6.7%,3.0%,6.5%,6.7%,3.0%,6.5%,6.7%
Derbyshire Dales Co Const,E14000664,3080,4375,4449,3080,4375,4449,3080,4375,4449,4.7%,6.7%,6.8%,4.7%,6.7%,6.8%,4.7%,6.7%,6.8%
Devizes Co Const,E14000665,1033,1266,1266,1034,1266,1266,1043,1290,1290,1.6%,2.0%,2.0%,1.7%,2.0%,2.0%,1.7%,2.1%,2.1%
Dewsbury Co Const,E14000666,1385,3945,3945,1387,3947,3947,1386,3947,3947,2.4%,6.9%,6.9%,2.4%,6.9%,6.9%,2.4%,6.9%,6.9%
Don Valley Co Const,E14000667,9815,10441,10441,9815,10441,10441,9815,10441,10441,17.8%,18.9%,18.9%,17.8%,18.9%,18.9%,17.8%,18.9%,18.9%
Doncaster Central Boro Const,E14000668,1643,2507,5206,1667,2532,5231,1666,2532,5231,2.9%,4.4%,9.1%,2.9%,4.4%,9.1%,2.9%,4.4%,9.1%
Doncaster North Co Const,E14000669,9571,14237,16523,9571,14236,16523,9670,14428,16712,17.7%,26.3%,30.5%,17.7%,26.3%,30.5%,17.9%,26.6%,30.9%
Dover Co Const,E14000670,670,3887,3887,954,7314,7314,953,7312,7312,1.2%,7.0%,7.0%,1.7%,13.1%,13.1%,1.7%,13.1%,13.1%
Dudley North Boro Const,E14000671,76,76,76,308,309,309,308,309,309,0.2%,0.2%,0.2%,0.7%,0.7%,0.7%,0.7%,0.7%,0.7%
Dudley South Boro Const,E14000672,322,697,697,322,697,697,324,697,697,0.7%,1.6%,1.6%,0.7%,1.6%,1.6%,0.7%,1.6%,1.6%
Dulwich and West Norwood Boro Const,E14000673,0,0,0,0,0,0,0,0,0,0.0%,0.0%,0.0%,0.0%,0.0%,0.0%,0.0%,0.0%,0.0%
Ealing Central and Acton Boro Const,E14000674,281,317,1957,281,317,1957,278,317,1957,0.4%,0.5%,3.0%,0.4%,0.5%,3.0%,0.4%,0.5%,3.0%
Ealing North Boro Const,E14000675,996,1666,1667,996,1666,1667,1024,1666,1667,1.9%,3.2%,3.2%,1.9%,3.2%,3.2%,2.0%,3.2%,3.2%
"Ealing, Southall Boro Const",E14000676,203,243,243,203,243,243,203,243,243,0.5%,0.6%,0.6%,0.5%,0.6%,0.6%,0.5%,0.6%,0.6%
Easington Co Const,E14000677,104,105,105,104,105,105,104,105,105,0.2%,0.2%,0.2%,0.2%,0.2%,0.2%,0.2%,0.2%,0.2%
East Devon Co Const,E14000678,5840,7308,7364,5846,7318,7374,5886,7358,7414,8.9%,11.2%,11.3%,8.9%,11.2%,11.3%,9.0%,11.2%,11.3%
East Ham Boro Const,E14000679,24,7282,19575,23,8588,18592,23,8586,18586,0.0%,13.1%,35.2%,0.0%,15.5%,33.5%,0.0%,15.5%,33.5%
East Hampshire Co Const,E14000680,1201,1475,1475,1229,1503,1503,1265,1539,1539,1.9%,2.4%,2.4%,2.0%,2.4%,2.4%,2.0%,2.5%,2.5%
East Surrey Co Const,E14000681,1825,3547,3547,1825,3547,3547,1824,3547,3547,3.0%,5.8%,5.8%,3.0%,5.8%,5.8%,3.0%,5.8%,5.8%
East Worthing and Shoreham Co Const,E14000682,276,5158,5158,743,5158,5158,741,5157,5157,0.6%,10.4%,10.4%,1.5%,10.4%,10.4%,1.5%,10.4%,10.4%
East Yorkshire Co Const,E14000683,1751,2517,2733,1751,2517,2733,1751,2517,2733,2.1%,3.1%,3.3%,2.1%,3.1%,3.3%,2.1%,3.1%,3.3%
Eastbourne Boro Const,E14000684,1594,14069,14069,1594,14069,14069,1594,14069,14069,2.7%,23.5%,23.5%,2.7%,23.5%,23.5%,2.7%,23.5%,23.5%
Eastleigh Boro Const,E14000685,1187,1322,1336,1564,1707,1721,1564,1707,1721,2.2%,2.4%,2.5%,2.9%,3.1%,3.2%,2.9%,3.1%,3.2%
Eddisbury Co Const,E14000686,597,638,638,588,629,629,670,725,725,1.0%,1.0%,1.0%,0.9%,1.0%,1.0%,1.1%,1.2%,1.2%
Edmonton Boro Const,E14000687,3539,9126,9151,3539,9126,9151,3545,9128,9153,7.2%,18.6%,18.7%,7.2%,18.6%,18.7%,7.2%,18.6%,18.7%
Ellesmere Port and Neston Co Const,E14000688,192,1089,1297,815,1130,1133,825,1142,1145,0.4%,2.2%,2.6%,1.6%,2.3%,2.3%,1.7%,2.3%,2.3%
Elmet and Rothwell Co Const,E14000689,908,2133,2239,923,2152,2258,939,2230,2336,1.6%,3.8%,4.0%,1.6%,3.8%,4.0%,1.7%,4.0%,4.2%
Eltham Boro Const,E14000690,255,848,983,255,848,983,255,849,983,0.6%,2.0%,2.3%,0.6%,2.0%,2.3%,0.6%,2.0%,2.3%
Enfield North Boro Const,E14000691,358,2544,3538,358,2544,3538,359,2545,3538,0.7%,5.2%,7.3%,0.7%,5.2%,7.3%,0.7%,5.2%,7.3%
"Enfield, Southgate Boro Const",E14000692,392,1349,1349,391,1290,1290,390,1290,1290,0.9%,3.0%,3.0%,0.9%,2.8%,2.8%,0.9%,2.8%,2.8%
Epping Forest Co Const,E14000693,949,2462,2831,954,2475,2844,966,2540,2902,1.7%,4.5%,5.2%,1.7%,4.5%,5.2%,1.8%,4.6%,5.3%
Epsom and Ewell Boro Const,E14000694,1039,1239,1239,1041,1241,1241,1039,1241,1241,2.1%,2.5%,2.5%,2.1%,2.5%,2.5%,2.1%,2.5%,2.5%
Erewash Co Const,E14000695,1095,14474,17065,1095,14474,17065,1102,14471,17065,2.1%,28.3%,33.4%,2.1%,28.3%,33.4%,2.2%,28.3%,33.4%
Erith and Thamesmead Boro Const,E14000696,121,135,22920,121,135,22920,121,135,22920,0.2%,0.3%,46.9%,0.2%,0.3%,46.9%,0.2%,0.3%,46.9%
Esher and Walton Boro Const,E14000697,4124,13055,13060,4220,13622,13627,4248,14066,14071,7.2%,22.9%,22.9%,7.4%,23.9%,23.9%,7.5%,24.7%,24.7%
Exeter Boro Const,E14000698,7596,9423,9423,7597,9423,9423,7563,9384,9384,13.0%,16.2%,16.2%,13.0%,16.2%,16.2%,13.0%,16.1%,16.1%
Fareham Co Const,E14000699,422,1196,1196,445,1491,1491,444,1491,1491,0.8%,2.3%,2.3%,0.8%,2.8%,2.8%,0.8%,2.8%,2.8%
Faversham and Mid Kent Co Const,E14000700,1606,2046,2119,1622,2129,2203,1667,2176,2203,2.9%,3.6%,3.8%,2.9%,3.8%,3.9%,3.0%,3.9%,3.9%
Feltham and Heston Boro Const,E14000701,71,246,246,71,246,246,71,246,246,0.1%,0.4%,0.4%,0.1%,0.4%,0.4%,0.1%,0.4%,0.4%
Filton and Bradley Stoke Co Const,E14000702,293,2740,3152,287,2733,3145,288,2742,3154,0.6%,5.3%,6.1%,0.6%,5.3%,6.1%,0.6%,5.3%,6.1%
Finchley and Golders Green Boro Const,E14000703,316,338,338,316,338,338,316,338,338,0.6%,0.6%,0.6%,0.6%,0.6%,0.6%,0.6%,0.6%,0.6%
Folkestone and Hythe Co Const,E14000704,4284,5552,13938,4296,5596,13982,4292,5592,13982,6.1%,7.9%,19.8%,6.1%,8.0%,19.9%,6.1%,8.0%,19.9%
Forest of Dean Co Const,E14000705,2160,3188,3188,2160,3191,3191,2158,3201,3201,3.3%,4.8%,4.8%,3.3%,4.8%,4.8%,3.3%,4.9%,4.9%
Fylde Co Const,E14000706,346,2337,3065,397,2469,3204,402,2620,3358,0.6%,4.2%,5.5%,0.7%,4.4%,5.7%,0.7%,4.7%,6.0%
Gainsborough Co Const,E14000707,3667,9157,10838,3737,9566,11248,3743,9577,11267,5.4%,13.6%,16.1%,5.5%,14.2%,16.7%,5.6%,14.2%,16.7%
Garston and Halewood Boro Const,E14000708,240,588,614,236,577,583,236,577,583,0.5%,1.2%,1.2%,0.5%,1.1%,1.2%,0.5%,1.1%,1.2%
Gateshead Boro Const,E14000709,70,286,286,70,252,252,77,424,424,0.1%,0.5%,0.5%,0.1%,0.5%,0.5%,0.1%,0.8%,0.8%
Gedling Co Const,E14000710,3210,5465,5659,3217,5514,5708,3237,5526,5725,6.7%,11.5%,11.9%,6.8%,11.6%,12.0%,6.8%,11.6%,12.0%
Gillingham and Rainham Boro Const,E14000711,304,668,1189,308,690,1211,818,1202,1211,0.7%,1.4%,2.6%,0.7%,1.5%,2.6%,1.8%,2.6%,2.6%
Gloucester Boro Const,E14000712,4876,6989,6989,4877,6993,6993,4882,7017,7017,8.0%,11.4%,11.4%,8.0%,11.4%,11.4%,8.0%,11.5%,11.5%
Gosport Boro Const,E14000713,538,1121,1121,661,2268,2268,663,2268,2268,1.0%,2.2%,2.2%,1.3%,4.4%,4.4%,1.3%,4.4%,4.4%
Grantham and Stamford Co Const,E14000714,1434,3201,3308,1475,3242,3349,1767,3707,3857,2.1%,4.7%,4.9%,2.2%,4.8%,5.0%,2.6%,5.5%,5.7%
Gravesham Co Const,E14000715,26,1751,2645,47,1773,2675,47,1773,2675,0.1%,3.5%,5.2%,0.1%,3.5%,5.3%,0.1%,3.5%,5.3%
Great Grimsby Boro Const,E14000716,933,6700,26969,933,6700,26969,935,6687,26969,1.9%,13.9%,55.8%,1.9%,13.9%,55.8%,1.9%,13.8%,55.8%
Great Yarmouth Co Const,E14000717,1072,2960,11239,1148,3335,12415,1146,3337,12415,1.8%,4.9%,18.5%,1.9%,5.5%,20.4%,1.9%,5.5%,20.4%
Greenwich and Woolwich Boro Const,E14000718,240,242,18648,240,242,18648,240,242,18648,0.4%,0.4%,29.8%,0.4%,0.4%,29.8%,0.4%,0.4%,29.8%
Guildford Co Const,E14000719,2126,2558,2558,2215,2647,2647,2212,2647,2647,3.4%,4.1%,4.1%,3.6%,4.3%,4.3%,3.6%,4.3%,4.3%
Hackney North and Stoke Newington Boro Const,E14000720,17,238,825,17,238,825,17,238,825,0.0%,0.4%,1.3%,0.0%,0.4%,1.3%,0.0%,0.4%,1.3%
Hackney South and Shoreditch Boro Const,E14000721,37,2534,2785,37,2534,2785,37,2533,2785,0.1%,3.6%,4.0%,0.1%,3.6%,4.0%,0.1%,3.6%,4.0%
Halesowen and Rowley Regis Boro Const,E14000722,284,297,297,284,297,297,284,297,296,0.6%,0.7%,0.7%,0.6%,0.7%,0.7%,0.6%,0.7%,0.6%
Halifax Boro Const,E14000723,725,1258,1264,725,1258,1264,723,1257,1263,1.3%,2.2%,2.2%,1.3%,2.2%,2.2%,1.3%,2.2%,2.2%
Haltemprice and Howden Co Const,E14000724,5085,13376,13708,5085,13378,13710,5104,13567,14284,9.3%,24.4%,25.0%,9.3%,24.4%,25.0%,9.3%,24.8%,26.1%
Halton Co Const,E14000725,331,708,975,727,1282,1282,730,1282,1282,0.7%,1.4%,2.0%,1.5%,2.6%,2.6%,1.5%,2.6%,2.6%
Hammersmith Boro Const,E14000726,33,33,41816,33,33,41816,33,33,41816,0.0%,0.0%,61.1%,0.0%,0.0%,61.1%,0.0%,0.0%,61.1%
Hampstead and Kilburn Boro Const,E14000727,0,0,0,0,0,0,0,0,0,0.0%,0.0%,0.0%,0.0%,0.0%,0.0%,0.0%,0.0%,0.0%
Harborough Co Const,E14000728,525,580,580,528,583,583,534,594,595,1.0%,1.1%,1.1%,1.0%,1.1%,1.1%,1.0%,1.1%,1.1%
Harlow Co Const,E14000729,1210,2519,2643,1209,2517,2641,1211,2549,2641,2.0%,4.2%,4.4%,2.0%,4.1%,4.4%,2.0%,4.2%,4.4%
Harrogate and Knaresborough Co Const,E14000730,713,1121,1236,713,1121,1236,714,1121,1236,1.2%,1.9%,2.1%,1.2%,1.9%,2.1%,1.2%,1.9%,2.1%
Harrow East Boro Const,E14000731,851,1345,1484,526,852,1438,523,852,1438,2.1%,3.3%,3.6%,1.3%,2.1%,3.5%,1.3%,2.1%,3.5%
Harrow West Boro Const,E14000732,569,790,790,568,757,757,602,1051,1051,1.3%,1.8%,1.8%,1.3%,1.7%,1.7%,1.4%,2.4%,2.4%
Hartlepool Boro Const,E14000733,1001,1780,1799,1001,1780,1799,1001,1780,1799,2.0%,3.5%,3.5%,2.0%,3.5%,3.5%,2.0%,3.5%,3.5%
Harwich and North Essex Co Const,E14000734,1242,5221,6135,1288,5354,6395,1313,5231,6053,2.1%,8.8%,10.3%,2.2%,9.0%,10.7%,2.2%,8.8%,10.2%
Hastings and Rye Co Const,E14000735,1451,3276,6714,1451,3276,6714,1451,3283,6712,2.2%,5.0%,10.2%,2.2%,5.0%,10.2%,2.2%,5.0%,10.2%
Havant Boro Const,E14000736,1835,3275,3291,1878,3799,3879,1996,3950,4030,3.8%,6.7%,6.8%,3.9%,7.8%,8.0%,4.1%,8.1%,8.3%
Hayes and Harlington Boro Const,E14000737,433,2220,2314,433,2220,2314,405,2190,2314,0.9%,4.4%,4.6%,0.9%,4.4%,4.6%,0.8%,4.4%,4.6%
Hazel Grove Co Const,E14000738,446,643,794,485,664,785,486,665,786,1.1%,1.6%,1.9%,1.2%,1.6%,1.9%,1.2%,1.6%,1.9%
Hemel Hempstead Co Const,E14000739,184,377,685,246,496,810,246,496,810,0.4%,0.7%,1.4%,0.5%,1.0%,1.6%,0.5%,1.0%,1.6%
Hemsworth Co Const,E14000740,841,983,999,842,983,999,841,983,999,1.6%,1.8%,1.9%,1.6%,1.8%,1.9%,1.6%,1.8%,1.9%
Hendon Boro Const,E14000741,1468,2536,2713,965,1584,2842,965,1584,2842,2.6%,4.4%,4.7%,1.7%,2.8%,5.0%,1.7%,2.8%,5.0%
Henley Co Const,E14000742,3279,3864,3864,3312,3919,3919,3311,3921,3921,5.2%,6.1%,6.1%,5.2%,6.2%,6.2%,5.2%,6.2%,6.2%
Hereford and South Herefordshire Co Const,E14000743,2950,4318,4320,2952,4320,4322,3063,4600,4602,4.3%,6.2%,6.2%,4.3%,6.2%,6.2%,4.4%,6.7%,6.7%
Hertford and Stortford Co Const,E14000744,3066,6487,7047,3059,6392,6874,3252,6372,6874,5.3%,11.3%,12.3%,5.3%,11.1%,12.0%,5.7%,11.1%,12.0%
Hertsmere Co Const,E14000745,1378,1905,2021,1860,2034,2150,1859,2034,2149,2.8%,3.8%,4.1%,3.7%,4.1%,4.3%,3.7%,4.1%,4.3%
Hexham Co Const,E14000746,2038,3211,3770,2043,3188,3747,2482,3337,3821,3.5%,5.5%,6.5%,3.5%,5.5%,6.4%,4.3%,5.7%,6.6%
Heywood and Middleton Co Const,E14000747,235,338,361,288,368,468,401,447,468,0.4%,0.6%,0.7%,0.5%,0.7%,0.9%,0.7%,0.8%,0.9%
High Peak Co Const,E14000748,2044,2365,2380,2051,2369,2382,2051,2369,2382,3.7%,4.3%,4.3%,3.7%,4.3%,4.3%,3.7%,4.3%,4.3%
Hitchin and Harpenden Co Const,E14000749,589,697,698,691,784,784,718,784,784,1.1%,1.3%,1.3%,1.3%,1.4%,1.4%,1.3%,1.4%,1.4%
Holborn and St. Pancras Boro Const,E14000750,0,0,0,0,0,0,0,0,0,0.0%,0.0%,0.0%,0.0%,0.0%,0.0%,0.0%,0.0%,0.0%
Hornchurch and Upminster Boro Const,E14000751,458,627,627,539,847,847,538,847,847,0.9%,1.2%,1.2%,1.1%,1.7%,1.7%,1.1%,1.7%,1.7%
Hornsey and Wood Green Boro Const,E14000752,4,4,4,4,4,4,4,4,4,0.0%,0.0%,0.0%,0.0%,0.0%,0.0%,0.0%,0.0%,0.0%
Horsham Co Const,E14000753,253,373,373,253,373,373,249,373,373,0.4%,0.6%,0.6%,0.4%,0.6%,0.6%,0.4%,0.6%,0.6%
Houghton and Sunderland South Boro Const,E14000754,222,406,406,233,414,414,233,414,414,0.5%,0.9%,0.9%,0.5%,0.9%,0.9%,0.5%,0.9%,0.9%
Hove Boro Const,E14000755,86,178,178,85,178,178,72,139,139,0.2%,0.3%,0.3%,0.2%,0.3%,0.3%,0.1%,0.2%,0.2%
Huddersfield Boro Const,E14000756,3732,5159,5174,3731,5159,5174,3736,5159,5174,7.0%,9.7%,9.7%,7.0%,9.7%,9.7%,7.0%,9.7%,9.7%
Huntingdon Co Const,E14000757,3554,8058,12477,3555,8061,12480,5876,12205,16693,5.1%,11.6%,18.0%,5.1%,11.6%,18.0%,8.5%,17.6%,24.1%
Hyndburn Boro Const,E14000758,793,1807,1949,794,1807,1949,794,1807,1949,1.5%,3.5%,3.8%,1.5%,3.5%,3.8%,1.5%,3.5%,3.8%
Ilford North Boro Const,E14000759,1086,2210,2247,1086,2233,2270,1090,2233,2270,2.4%,4.8%,4.9%,2.4%,4.9%,5.0%,2.4%,4.9%,5.0%
Ilford South Boro Const,E14000760,1009,1997,2261,809,2854,3411,2894,3411,3411,1.9%,3.8%,4.3%,1.5%,5.5%,6.5%,5.5%,6.5%,6.5%
Ipswich Boro Const,E14000761,58,4546,4763,58,4546,4763,58,4541,4763,0.1%,7.7%,8.0%,0.1%,7.7%,8.0%,0.1%,7.7%,8.0%
Isle of Wight Co Const,E14000762,2110,3329,3333,2117,3338,3342,2120,3338,3342,2.3%,3.6%,3.6%,2.3%,3.6%,3.6%,2.3%,3.6%,3.6%
Islington North Boro Const,E14000763,0,0,0,0,0,0,0,0,0,0.0%,0.0%,0.0%,0.0%,0.0%,0.0%,0.0%,0.0%,0.0%
Islington South and Finsbury Boro Const,E14000764,0,0,0,0,0,0,0,0,0,0.0%,0.0%,0.0%,0.0%,0.0%,0.0%,0.0%,0.0%,0.0%
Jarrow Boro Const,E14000765,62,133,133,62,126,126,81,134,134,0.1%,0.3%,0.3%,0.1%,0.3%,0.3%,0.2%,0.3%,0.3%
Keighley Co Const,E14000766,1894,2798,2818,1894,2798,2818,1896,2799,2818,3.6%,5.3%,5.4%,3.6%,5.3%,5.4%,3.6%,5.3%,5.4%
Kenilworth and Southam Co Const,E14000767,1039,1450,1509,1039,1450,1509,1040,1450,1509,1.8%,2.5%,2.6%,1.8%,2.5%,2.6%,1.8%,2.5%,2.6%
Kensington Boro Const,E14000768,0,0,986,0,0,986,0,0,986,0.0%,0.0%,1.3%,0.0%,0.0%,1.3%,0.0%,0.0%,1.3%
Kettering Co Const,E14000769,282,398,398,282,398,398,283,398,398,0.5%,0.7%,0.7%,0.5%,0.7%,0.7%,0.5%,0.7%,0.7%
Kingston and Surbiton Boro Const,E14000770,4153,7610,7610,4170,7664,7664,4158,7664,7664,6.8%,12.5%,12.5%,6.9%,12.6%,12.6%,6.9%,12.6%,12.6%
Kingston upon Hull East Boro Const,E14000771,9063,45582,45582,9063,45582,45582,9055,45582,45582,18.3%,92.0%,92.0%,18.3%,92.0%,92.0%,18.3%,92.0%,92.0%
Kingston upon Hull North Boro Const,E14000772,7549,41654,41655,7549,41654,41655,7545,41654,41655,15.5%,85.7%,85.7%,15.5%,85.7%,85.7%,15.5%,85.7%,85.7%
Kingston upon Hull West and Hessle Boro Const,E14000773,9445,48759,48759,9445,48759,48759,9445,48759,48759,17.6%,90.9%,90.9%,17.6%,90.9%,90.9%,17.6%,90.9%,90.9%
Kingswood Boro Const,E14000774,236,418,506,369,516,516,369,516,516,0.5%,0.9%,1.1%,0.8%,1.2%,1.2%,0.8%,1.2%,1.2%
Knowsley Boro Const,E14000775,123,130,130,354,392,392,354,392,392,0.2%,0.2%,0.2%,0.7%,0.7%,0.7%,0.7%,0.7%,0.7%
Lancaster and Fleetwood Co Const,E14000776,1102,9609,18070,1195,9761,18224,1199,9764,18231,2.0%,17.4%,32.8%,2.2%,17.7%,33.1%,2.2%,17.7%,33.1%
Leeds Central Boro Const,E14000777,7705,9455,9536,8198,10682,10763,8674,10767,10767,8.6%,10.6%,10.7%,9.2%,12.0%,12.0%,9.7%,12.0%,12.0%
Leeds East Boro Const,E14000778,258,852,852,258,852,852,260,854,854,0.6%,1.8%,1.8%,0.6%,1.8%,1.8%,0.6%,1.8%,1.8%
Leeds North East Boro Const,E14000779,391,502,502,391,502,502,415,502,502,0.8%,1.1%,1.1%,0.8%,1.1%,1.1%,0.9%,1.1%,1.1%
Leeds North West Boro Const,E14000780,373,539,539,373,539,539,373,539,539,0.8%,1.2%,1.2%,0.8%,1.2%,1.2%,0.8%,1.2%,1.2%
Leeds West Boro Const,E14000781,634,687,687,670,757,757,671,757,757,1.3%,1.4%,1.4%,1.3%,1.5%,1.5%,1.3%,1.5%,1.5%
Leicester East Boro Const,E14000782,5314,7995,8460,5317,8005,8471,5889,10657,11303,11.3%,17.0%,18.0%,11.3%,17.1%,18.1%,12.6%,22.7%,24.1%
Leicester South Boro Const,E14000783,1900,3331,3474,1903,3334,3477,2162,5037,5240,3.3%,5.8%,6.0%,3.3%,5.8%,6.1%,3.8%,8.8%,9.1%
Leicester West Boro Const,E14000784,2332,3935,4149,2333,3937,4151,2566,4567,4788,4.7%,7.9%,8.3%,4.7%,7.9%,8.4%,5.2%,9.2%,9.6%
Leigh Co Const,E14000785,1185,3505,3640,1928,3435,3495,1927,3478,3734,2.2%,6.6%,6.8%,3.6%,6.4%,6.5%,3.6%,6.5%,7.0%
Lewes Co Const,E14000786,1964,4869,4869,1964,4869,4869,1943,4873,4873,3.6%,8.9%,8.9%,3.6%,8.9%,8.9%,3.6%,8.9%,8.9%
Lewisham East Boro Const,E14000787,1323,2797,3590,1323,2797,3590,1323,2796,3590,2.6%,5.6%,7.2%,2.6%,5.6%,7.2%,2.6%,5.6%,7.2%
Lewisham West and Penge Boro Const,E14000788,1210,1850,1850,1210,1850,1850,1208,1850,1850,2.2%,3.4%,3.4%,2.2%,3.4%,3.4%,2.2%,3.4%,3.4%
"Lewisham, Deptford Boro Const",E14000789,2642,3248,19141,2642,3248,19141,2633,3252,19141,4.2%,5.2%,30.5%,4.2%,5.2%,30.5%,4.2%,5.2%,30.5%
Leyton and Wanstead Boro Const,E14000790,59,284,284,59,285,285,59,285,285,0.1%,0.6%,0.6%,0.1%,0.6%,0.6%,0.1%,0.6%,0.6%
Lichfield Co Const,E14000791,814,1006,1108,814,1006,1108,842,1207,1309,1.5%,1.8%,2.0%,1.5%,1.8%,2.0%,1.5%,2.2%,2.4%
Lincoln Boro Const,E14000792,2782,11679,11706,2798,11710,11737,2826,11772,11801,4.3%,18.2%,18.2%,4.4%,18.3%,18.3%,4.4%,18.3%,18.4%
"Liverpool, Riverside Boro Const",E14000793,1668,2461,2461,74,848,848,93,848,848,2.0%,2.9%,2.9%,0.1%,1.0%,1.0%,0.1%,1.0%,1.0%
"Liverpool, Walton Boro Const",E14000794,72,85,91,73,88,94,683,902,1895,0.1%,0.2%,0.2%,0.1%,0.2%,0.2%,1.4%,1.8%,3.8%
"Liverpool, Wavertree Boro Const",E14000795,0,0,0,0,0,0,0,0,0,0.0%,0.0%,0.0%,0.0%,0.0%,0.0%,0.0%,0.0%,0.0%
"Liverpool, West Derby Boro Const",E14000796,7,117,117,8,127,127,8,127,127,0.0%,0.3%,0.3%,0.0%,0.3%,0.3%,0.0%,0.3%,0.3%
Loughborough Co Const,E14000797,5289,7515,7515,5302,7604,7604,5304,7604,7604,8.9%,12.7%,12.7%,8.9%,12.8%,12.8%,8.9%,12.8%,12.8%
Louth and Horncastle Co Const,E14000798,10453,25396,25586,10557,25549,25739,10567,25556,25746,13.2%,32.2%,32.4%,13.4%,32.4%,32.6%,13.4%,32.4%,32.6%
Ludlow Co Const,E14000799,2079,2153,2153,2081,2155,2155,2087,2163,2163,2.8%,2.9%,2.9%,2.8%,2.9%,2.9%,2.8%,2.9%,2.9%
Luton North Boro Const,E14000800,640,978,978,640,978,978,641,978,978,1.5%,2.3%,2.3%,1.5%,2.3%,2.3%,1.5%,2.3%,2.3%
Luton South Boro Const,E14000801,457,545,545,457,545,545,468,545,545,0.8%,1.0%,1.0%,0.8%,1.0%,1.0%,0.9%,1.0%,1.0%
Macclesfield Co Const,E14000802,461,920,940,506,822,842,617,964,984,0.8%,1.6%,1.6%,0.9%,1.4%,1.5%,1.1%,1.7%,1.7%
Maidenhead Co Const,E14000803,4087,9213,9471,4101,9248,9520,4102,9249,9521,7.2%,16.2%,16.6%,7.2%,16.3%,16.7%,7.2%,16.3%,16.7%
Maidstone and The Weald Co Const,E14000804,3307,5123,5123,3307,5145,5145,3310,5145,5145,5.5%,8.5%,8.5%,5.5%,8.5%,8.5%,5.5%,8.5%,8.5%
Makerfield Co Const,E14000805,1453,1973,1973,1453,1973,1973,1455,1973,1973,3.0%,4.1%,4.1%,3.0%,4.1%,4.1%,3.0%,4.1%,4.1%
Maldon Co Const,E14000806,1368,5587,6263,1480,7199,8260,1478,7234,8297,2.4%,9.8%,11.0%,2.6%,12.7%,14.5%,2.6%,12.7%,14.6%
Manchester Central Boro Const,E14000807,332,2493,2493,2171,5544,5544,2188,6191,6191,0.4%,3.1%,3.1%,2.7%,6.8%,6.8%,2.7%,7.6%,7.6%
"Manchester, Gorton Boro Const",E14000808,107,1400,1400,121,681,681,121,681,681,0.2%,2.8%,2.8%,0.2%,1.4%,1.4%,0.2%,1.4%,1.4%
"Manchester, Withington Boro Const",E14000809,1142,4349,4389,1397,2155,2158,1397,2155,2158,2.5%,9.4%,9.5%,3.0%,4.7%,4.7%,3.0%,4.7%,4.7%
Mansfield Co Const,E14000810,382,585,585,382,585,585,383,585,585,0.7%,1.0%,1.0%,0.7%,1.0%,1.0%,0.7%,1.0%,1.0%
Meon Valley Co Const,E14000811,1121,1696,1696,1320,1899,1899,1626,2910,2910,1.9%,2.9%,2.9%,2.2%,3.2%,3.2%,2.8%,5.0%,5.0%
Meriden Co Const,E14000812,309,362,362,411,587,587,411,587,587,0.5%,0.6%,0.6%,0.7%,1.0%,1.0%,0.7%,1.0%,1.0%
Mid Bedfordshire Co Const,E14000813,565,901,941,565,901,941,564,901,944,0.9%,1.5%,1.5%,0.9%,1.5%,1.5%,0.9%,1.5%,1.5%
Mid Derbyshire Co Const,E14000814,1731,2884,2897,1731,2884,2897,1730,2884,2897,3.8%,6.3%,6.3%,3.8%,6.3%,6.3%,3.8%,6.3%,6.3%
Mid Dorset and North Poole Co Const,E14000815,396,626,656,396,626,656,395,626,656,0.9%,1.4%,1.5%,0.9%,1.4%,1.5%,0.9%,1.4%,1.5%
Mid Norfolk Co Const,E14000816,450,515,516,450,515,516,682,803,835,0.6%,0.7%,0.7%,0.6%,0.7%,0.7%,1.0%,1.1%,1.2%
Mid Sussex Co Const,E14000817,157,253,269,157,253,269,160,256,272,0.3%,0.4%,0.5%,0.3%,0.4%,0.5%,0.3%,0.4%,0.5%
Mid Worcestershire Co Const,E14000818,2485,3108,3108,2518,3141,3141,2520,3143,3143,3.9%,4.8%,4.8%,3.9%,4.9%,4.9%,3.9%,4.9%,4.9%
Middlesbrough Boro Const,E14000819,781,1553,1553,781,1553,1553,780,1553,1553,1.6%,3.1%,3.1%,1.6%,3.1%,3.1%,1.6%,3.1%,3.1%
Middlesbrough South and East Cleveland Co Const,E14000820,508,775,775,530,797,797,551,797,797,1.0%,1.5%,1.5%,1.1%,1.6%,1.6%,1.1%,1.6%,1.6%
Milton Keynes North Co Const,E14000821,372,1267,1520,372,1267,1520,372,1268,1520,0.6%,1.9%,2.3%,0.6%,1.9%,2.3%,0.6%,1.9%,2.3%
Milton Keynes South Boro Const,E14000822,374,470,470,374,470,470,374,470,470,0.6%,0.7%,0.7%,0.6%,0.7%,0.7%,0.6%,0.7%,0.7%
Mitcham and Morden Boro Const,E14000823,2184,4801,4801,2184,4750,4750,2170,4750,4750,4.7%,10.4%,10.4%,4.7%,10.3%,10.3%,4.7%,10.3%,10.3%
Mole Valley Co Const,E14000824,2071,2746,2746,2159,3064,3064,2152,3075,3075,3.4%,4.5%,4.5%,3.5%,5.0%,5.0%,3.5%,5.0%,5.0%
Morecambe and Lunesdale Co Const,E14000825,1826,10090,10401,1846,10115,10426,1883,10162,10472,3.4%,18.7%,19.2%,3.4%,18.7%,19.3%,3.5%,18.8%,19.4%
Morley and Outwood Co Const,E14000826,130,193,197,130,193,197,130,193,197,0.2%,0.4%,0.4%,0.2%,0.4%,0.4%,0.2%,0.4%,0.4%
New Forest East Co Const,E14000827,2540,3118,3118,2571,3157,3157,2587,3172,3172,4.5%,5.5%,5.5%,4.5%,5.6%,5.6%,4.6%,5.6%,5.6%
New Forest West Co Const,E14000828,1714,2562,2750,1723,2571,2759,1723,2571,2759,3.0%,4.5%,4.9%,3.0%,4.5%,4.9%,3.0%,4.5%,4.9%
Newark Co Const,E14000829,5154,10254,10365,5154,10432,10543,5201,10431,10543,7.6%,15.1%,15.3%,7.6%,15.4%,15.6%,7.7%,15.4%,15.6%
Newbury Co Const,E14000830,1194,3349,3553,1202,3354,3560,1219,3436,3659,1.8%,5.1%,5.4%,1.8%,5.1%,5.4%,1.8%,5.2%,5.5%
Newcastle upon Tyne Central Boro Const,E14000831,6,14,14,6,12,12,7,19,19,0.0%,0.0%,0.0%,0.0%,0.0%,0.0%,0.0%,0.0%,0.0%
Newcastle upon Tyne East Boro Const,E14000832,69,108,108,69,98,98,69,150,150,0.1%,0.2%,0.2%,0.1%,0.2%,0.2%,0.1%,0.3%,0.3%
Newcastle upon Tyne North Boro Const,E14000833,393,714,714,392,714,714,394,714,714,0.8%,1.5%,1.5%,0.8%,1.5%,1.5%,0.9%,1.5%,1.5%
Newcastle-under-Lyme Boro Const,E14000834,316,339,339,523,609,609,523,609,609,0.7%,0.7%,0.7%,1.1%,1.3%,1.3%,1.1%,1.3%,1.3%
Newton Abbot Co Const,E14000835,4536,6935,7323,4542,6938,7326,4540,6936,7326,8.2%,12.6%,13.3%,8.2%,12.6%,13.3%,8.2%,12.6%,13.3%
"Normanton, Pontefract and Castleford Co Const",E14000836,1615,2553,2560,1656,2594,2601,1779,3284,3291,2.7%,4.2%,4.2%,2.7%,4.3%,4.3%,2.9%,5.4%,5.4%
North Cornwall Co Const,E14000837,1697,2765,2771,1694,2760,2766,1701,2779,2785,2.1%,3.4%,3.4%,2.1%,3.4%,3.4%,2.1%,3.4%,3.4%
North Devon Co Const,E14000838,4417,7496,7901,4441,7337,7642,4443,7337,7642,5.6%,9.6%,10.1%,5.7%,9.4%,9.7%,5.7%,9.4%,9.7%
North Dorset Co Const,E14000839,1655,2325,2472,1655,2325,2472,1655,2325,2473,2.4%,3.3%,3.6%,2.4%,3.3%,3.6%,2.4%,3.3%,3.6%
North Durham Co Const,E14000840,978,1025,1044,978,1026,1045,234,282,301,2.0%,2.1%,2.1%,2.0%,2.1%,2.1%,0.5%,0.6%,0.6%
North East Bedfordshire Co Const,E14000841,1085,1666,1824,1085,1666,1824,1452,2064,2223,1.7%,2.6%,2.8%,1.7%,2.6%,2.8%,2.2%,3.2%,3.4%
North East Cambridgeshire Co Const,E14000842,17934,21420,21423,17936,21420,21423,18150,21827,21830,24.5%,29.3%,29.3%,24.5%,29.3%,29.3%,24.8%,29.8%,29.8%
North East Derbyshire Co Const,E14000843,763,925,925,762,925,925,762,925,925,1.4%,1.7%,1.7%,1.4%,1.7%,1.7%,1.4%,1.7%,1.7%
North East Hampshire Co Const,E14000844,3760,4081,4083,3845,4174,4176,3955,4367,4373,6.6%,7.2%,7.2%,6.8%,7.4%,7.4%,7.0%,7.7%,7.7%
North East Hertfordshire Co Const,E14000845,1184,1776,1821,1209,1792,1818,1295,1867,1893,2.1%,3.1%,3.2%,2.1%,3.1%,3.2%,2.3%,3.3%,3.3%
North East Somerset Co Const,E14000846,910,1110,1121,966,1160,1160,968,1162,1162,1.7%,2.0%,2.1%,1.8%,2.1%,2.1%,1.8%,2.1%,2.1%
North Herefordshire Co Const,E14000847,3017,4226,4580,3017,4226,4580,3217,4645,4999,3.7%,5.2%,5.7%,3.7%,5.2%,5.7%,4.0%,5.8%,6.2%
North Norfolk Co Const,E14000848,1350,4257,4308,1486,4654,4720,1485,4654,4720,1.9%,6.1%,6.2%,2.1%,6.7%,6.8%,2.1%,6.7%,6.8%
North Shropshire Co Const,E14000849,1562,1782,1782,1562,1782,1782,1562,1783,1783,2.0%,2.2%,2.2%,2.0%,2.2%,2.2%,2.0%,2.2%,2.2%
North Somerset Co Const,E14000850,989,13110,14952,979,13093,14936,1019,13138,14982,1.6%,21.1%,24.1%,1.6%,21.1%,24.1%,1.6%,21.2%,24.2%
North Swindon Co Const,E14000851,1384,2006,2069,1384,2006,2069,1382,2006,2069,2.4%,3.5%,3.6%,2.4%,3.5%,3.6%,2.4%,3.5%,3.6%
North Thanet Co Const,E14000852,1648,2172,2172,1676,2356,2356,1672,2356,2356,3.0%,3.9%,3.9%,3.0%,4.3%,4.3%,3.0%,4.3%,4.3%
North Tyneside Boro Const,E14000853,168,386,425,170,413,937,438,992,992,0.3%,0.7%,0.8%,0.3%,0.7%,1.7%,0.8%,1.8%,1.8%
North Warwickshire Co Const,E14000854,1357,1767,1767,1357,1767,1767,1356,1767,1767,2.6%,3.4%,3.4%,2.6%,3.4%,3.4%,2.6%,3.4%,3.4%
North West Cambridgeshire Co Const,E14000855,4835,5334,5392,4843,5349,5407,5200,5895,6013,6.1%,6.8%,6.8%,6.1%,6.8%,6.9%,6.6%,7.5%,7.6%
North West Durham Co Const,E14000856,868,1255,1255,868,1230,1230,876,1244,1244,1.5%,2.2%,2.2%,1.5%,2.1%,2.1%,1.5%,2.1%,2.1%
North West Hampshire Co Const,E14000857,1277,1412,1412,1304,1439,1439,1394,1724,1724,2.1%,2.3%,2.3%,2.1%,2.3%,2.3%,2.3%,2.8%,2.8%
North West Leicestershire Co Const,E14000858,2140,2244,2244,2483,2594,2594,2482,2594,2594,3.7%,3.8%,3.8%,4.2%,4.4%,4.4%,4.2%,4.4%,4.4%
North West Norfolk Co Const,E14000859,10464,19479,23207,10511,19681,23461,10568,19752,23519,15.5%,28.9%,34.5%,15.6%,29.2%,34.8%,15.7%,29.3%,34.9%
North Wiltshire Co Const,E14000860,1133,1891,1891,1130,1901,1901,1146,1918,1921,1.8%,3.0%,3.0%,1.8%,3.0%,3.0%,1.8%,3.0%,3.0%
Northampton North Boro Const,E14000861,56,59,72,56,59,72,56,59,72,0.1%,0.1%,0.2%,0.1%,0.1%,0.2%,0.1%,0.1%,0.2%
Northampton South Boro Const,E14000862,679,2810,4571,680,2819,4625,703,2945,4773,1.3%,5.4%,8.7%,1.3%,5.4%,8.8%,1.3%,5.6%,9.1%
Norwich North Boro Const,E14000863,94,116,160,94,116,160,111,167,261,0.2%,0.2%,0.3%,0.2%,0.2%,0.3%,0.2%,0.3%,0.5%
Norwich South Boro Const,E14000864,96,385,2742,96,386,2742,158,1189,4975,0.1%,0.6%,4.3%,0.1%,0.6%,4.3%,0.2%,1.8%,7.7%
Nottingham East Boro Const,E14000865,131,1068,1102,131,1068,1102,141,1080,1114,0.2%,2.0%,2.1%,0.2%,2.0%,2.1%,0.3%,2.0%,2.1%
Nottingham North Boro Const,E14000866,2324,2510,2510,2332,2519,2519,2515,2754,2754,4.8%,5.1%,5.1%,4.8%,5.2%,5.2%,5.2%,5.6%,5.6%
Nottingham South Boro Const,E14000867,2262,12465,13313,2262,12465,13313,2355,12869,13690,4.0%,21.9%,23.4%,4.0%,21.9%,23.4%,4.1%,22.6%,24.1%
Nuneaton Co Const,E14000868,1731,2393,2393,1731,2393,2393,1733,2393,2393,3.7%,5.1%,5.1%,3.7%,5.1%,5.1%,3.7%,5.1%,5.1%
Old Bexley and Sidcup Boro Const,E14000869,458,501,513,718,791,816,716,791,816,1.1%,1.2%,1.3%,1.8%,1.9%,2.0%,1.8%,1.9%,2.0%
Oldham East and Saddleworth Co Const,E14000870,1244,1772,1798,1235,1763,1789,1234,1763,1789,2.4%,3.4%,3.4%,2.3%,3.4%,3.4%,2.3%,3.4%,3.4%
Oldham West and Royton Boro Const,E14000871,3,28,28,5,29,29,5,29,29,0.0%,0.1%,0.1%,0.0%,0.1%,0.1%,0.0%,0.1%,0.1%
Orpington Boro Const,E14000872,339,636,636,698,1094,1094,698,1094,1094,0.8%,1.4%,1.4%,1.6%,2.5%,2.5%,1.6%,2.5%,2.5%
Oxford East Boro Const,E14000873,2519,3943,3943,2519,3943,3943,2529,3953,3953,3.9%,6.1%,6.1%,3.9%,6.1%,6.1%,3.9%,6.2%,6.2%
Oxford West and Abingdon Co Const,E14000874,2545,3775,3887,2717,4062,4170,2719,4063,4171,4.4%,6.5%,6.7%,4.7%,7.0%,7.2%,4.7%,7.0%,7.2%
Pendle Boro Const,E14000875,1184,2463,2473,1360,2640,2650,1358,2640,2650,2.4%,5.0%,5.0%,2.8%,5.4%,5.4%,2.8%,5.4%,5.4%
Penistone and Stocksbridge Co Const,E14000876,638,1013,1013,637,1013,1013,650,1013,1013,1.3%,2.0%,2.0%,1.3%,2.0%,2.0%,1.3%,2.0%,2.0%
Penrith and The Border Co Const,E14000877,3710,5414,5445,3733,5439,5470,3734,5489,5520,4.4%,6.4%,6.5%,4.4%,6.5%,6.5%,4.4%,6.5%,6.6%
Peterborough Boro Const,E14000878,2824,4360,4521,2855,4481,4657,2846,4477,4653,4.7%,7.3%,7.6%,4.8%,7.5%,7.8%,4.8%,7.5%,7.8%
"Plymouth, Moor View Boro Const",E14000879,80,240,240,80,240,240,80,240,240,0.2%,0.5%,0.5%,0.2%,0.5%,0.5%,0.2%,0.5%,0.5%
"Plymouth, Sutton and Devonport Boro Const",E14000880,223,1443,1582,223,1443,1582,222,1442,1581,0.3%,2.3%,2.5%,0.3%,2.3%,2.5%,0.3%,2.3%,2.5%
Poole Boro Const,E14000881,1273,2187,2223,1273,2190,2226,1273,2192,2228,2.3%,3.9%,4.0%,2.3%,3.9%,4.0%,2.3%,3.9%,4.0%
Poplar and Limehouse Boro Const,E14000882,271,7436,40740,271,7436,40740,271,7559,40740,0.4%,10.2%,55.9%,0.4%,10.2%,55.9%,0.4%,10.4%,55.9%
Portsmouth North Boro Const,E14000883,3862,4685,4685,4285,13071,13071,4283,13071,13071,7.4%,9.0%,9.0%,8.3%,25.2%,25.2%,8.2%,25.2%,25.2%
Portsmouth South Boro Const,E14000884,952,4044,4044,1098,8552,8552,1108,8552,8552,1.6%,7.0%,7.0%,1.9%,14.7%,14.7%,1.9%,14.7%,14.7%
Preston Boro Const,E14000885,1309,2976,2990,1207,2717,2990,1206,2713,2986,2.7%,6.0%,6.1%,2.5%,5.5%,6.1%,2.4%,5.5%,6.1%
Pudsey Boro Const,E14000886,640,688,688,640,688,688,638,688,688,1.3%,1.4%,1.4%,1.3%,1.4%,1.4%,1.3%,1.4%,1.4%
Putney Boro Const,E14000887,740,2271,3696,740,2262,3687,742,2262,3687,1.5%,4.7%,7.6%,1.5%,4.7%,7.6%,1.5%,4.7%,7.6%
Rayleigh and Wickford Co Const,E14000888,366,1178,1262,424,1458,1616,440,1496,1665,0.7%,2.3%,2.5%,0.8%,2.9%,3.2%,0.9%,3.0%,3.3%
Reading East Boro Const,E14000889,3633,5180,5260,4459,7052,7132,4507,7052,7132,6.8%,9.8%,9.9%,8.4%,13.3%,13.4%,8.5%,13.3%,13.4%
Reading West Co Const,E14000890,770,2507,2581,1105,3276,3350,1106,3276,3350,1.5%,5.0%,5.1%,2.2%,6.5%,6.7%,2.2%,6.5%,6.7%
Redcar Boro Const,E14000891,32,253,253,32,253,253,32,253,253,0.1%,0.5%,0.5%,0.1%,0.5%,0.5%,0.1%,0.5%,0.5%
Redditch Co Const,E14000892,683,1289,1289,683,1289,1289,682,1290,1290,1.3%,2.4%,2.4%,1.3%,2.4%,2.4%,1.2%,2.4%,2.4%
Reigate Boro Const,E14000893,1008,1710,1710,1034,1746,1746,1022,1746,1746,1.9%,3.3%,3.3%,2.0%,3.3%,3.3%,1.9%,3.3%,3.3%
Ribble Valley Co Const,E14000894,1934,3077,3235,2005,3303,3467,2222,3736,3908,3.1%,5.0%,5.2%,3.2%,5.3%,5.6%,3.6%,6.0%,6.3%
Richmond (Yorks) Co Const,E14000895,5065,6501,6561,5470,7019,7079,5605,7042,7100,5.9%,7.5%,7.6%,6.4%,8.2%,8.2%,6.5%,8.2%,8.2%
Richmond Park Boro Const,E14000896,1598,2241,14845,1599,2311,14915,1598,2311,14915,2.7%,3.7%,24.8%,2.7%,3.9%,24.9%,2.7%,3.9%,24.9%
Rochdale Co Const,E14000897,1318,1872,1970,1334,1874,1972,1336,1874,1972,2.5%,3.5%,3.7%,2.5%,3.5%,3.7%,2.5%,3.5%,3.7%
Rochester and Strood Co Const,E14000898,2442,6182,6459,2457,6851,7146,2669,7063,7146,4.2%,10.6%,11.1%,4.2%,11.7%,12.3%,4.6%,12.1%,12.3%
Rochford and Southend East Co Const,E14000899,768,5051,5207,787,6141,6372,790,6222,6452,1.4%,8.9%,9.2%,1.4%,10.9%,11.3%,1.4%,11.0%,11.4%
Romford Boro Const,E14000900,306,891,891,522,1596,1596,522,1596,1596,0.6%,1.8%,1.8%,1.1%,3.3%,3.3%,1.1%,3.3%,3.3%
Romsey and Southampton North Co Const,E14000901,1936,2742,2755,2013,2853,2866,2116,2963,2980,3.8%,5.4%,5.4%,3.9%,5.6%,5.6%,4.1%,5.8%,5.8%
Rossendale and Darwen Boro Const,E14000902,2511,3718,3728,2481,3620,3633,2476,3620,3633,4.6%,6.8%,6.8%,4.5%,6.6%,6.6%,4.5%,6.6%,6.6%
Rother Valley Co Const,E14000903,228,267,268,228,267,268,228,267,268,0.5%,0.5%,0.5%,0.5%,0.5%,0.5%,0.5%,0.5%,0.5%
Rotherham Boro Const,E14000904,635,1051,1051,635,1051,1051,635,1051,1051,1.4%,2.3%,2.3%,1.4%,2.3%,2.3%,1.4%,2.3%,2.3%
Rugby Co Const,E14000905,608,1199,1199,609,1200,1200,609,1200,1200,1.1%,2.2%,2.2%,1.1%,2.2%,2.2%,1.1%,2.2%,2.2%
"Ruislip, Northwood and Pinner Boro Const",E14000906,1401,1848,2350,1408,1922,2425,1411,1971,2474,3.0%,3.9%,5.0%,3.0%,4.1%,5.2%,3.0%,4.2%,5.3%
Runnymede and Weybridge Co Const,E14000907,11116,14878,14987,11482,15691,16327,11502,15707,16343,18.9%,25.3%,25.5%,19.5%,26.7%,27.8%,19.6%,26.7%,27.8%
Rushcliffe Co Const,E14000908,1271,12214,12587,1271,12214,12587,1272,12214,12587,2.3%,21.9%,22.5%,2.3%,21.9%,22.5%,2.3%,21.9%,22.5%
Rutland and Melton Co Const,E14000909,1281,2220,2632,1281,2220,2632,1304,2253,2666,1.8%,3.2%,3.7%,1.8%,3.2%,3.7%,1.9%,3.2%,3.8%
Saffron Walden Co Const,E14000910,1240,1395,1399,1243,1397,1401,1253,1407,1409,1.7%,1.9%,1.9%,1.7%,1.9%,1.9%,1.7%,1.9%,1.9%
Salford and Eccles Boro Const,E14000911,1282,9325,9336,1282,9697,9712,1571,9712,9712,2.0%,14.3%,14.3%,2.0%,14.9%,14.9%,2.4%,14.9%,14.9%
Salisbury Co Const,E14000912,2336,4255,4312,1773,3654,3800,1833,3725,3871,3.9%,7.2%,7.3%,3.0%,6.2%,6.4%,3.1%,6.3%,6.5%
Scarborough and Whitby Co Const,E14000913,1362,2088,2088,1360,2088,2088,1371,2109,2124,1.8%,2.8%,2.8%,1.8%,2.8%,2.8%,1.8%,2.8%,2.9%
Scunthorpe Co Const,E14000914,831,1067,1067,831,1067,1067,831,1067,1067,1.7%,2.2%,2.2%,1.7%,2.2%,2.2%,1.7%,2.2%,2.2%
Sedgefield Co Const,E14000915,600,1185,1188,600,1185,1188,606,1185,1188,1.1%,2.3%,2.3%,1.1%,2.3%,2.3%,1.2%,2.3%,2.3%
Sefton Central Co Const,E14000916,222,579,705,223,578,705,223,577,705,0.5%,1.3%,1.6%,0.5%,1.3%,1.6%,0.5%,1.3%,1.6%
Selby and Ainsty Co Const,E14000917,3356,13438,18021,3475,15805,20868,3997,17306,22375,4.8%,19.1%,25.6%,4.9%,22.5%,29.7%,5.7%,24.6%,31.8%
Sevenoaks Co Const,E14000918,915,1108,1175,1050,1417,1484,1052,1417,1484,1.7%,2.1%,2.2%,2.0%,2.6%,2.8%,2.0%,2.6%,2.8%
Sheffield Central Boro Const,E14000919,4738,7745,7745,4746,7745,7745,4745,7745,7745,7.5%,12.2%,12.2%,7.5%,12.2%,12.2%,7.5%,12.2%,12.2%
Sheffield South East Boro Const,E14000920,957,1538,1538,958,1538,1538,956,1538,1538,2.0%,3.2%,3.2%,2.0%,3.2%,3.2%,2.0%,3.2%,3.2%
"Sheffield, Brightside and Hillsborough Boro Const",E14000921,912,1574,1574,912,1574,1574,914,1574,1574,1.8%,3.1%,3.1%,1.8%,3.1%,3.1%,1.8%,3.1%,3.1%
"Sheffield, Hallam Co Const",E14000922,179,291,291,176,291,291,177,291,291,0.4%,0.6%,0.6%,0.4%,0.6%,0.6%,0.4%,0.6%,0.6%
"Sheffield, Heeley Boro Const",E14000923,376,384,384,373,384,384,376,434,434,0.8%,0.8%,0.8%,0.8%,0.8%,0.8%,0.8%,0.9%,0.9%
Sherwood Co Const,E14000924,1174,1305,1305,1195,1326,1326,1199,1327,1327,2.1%,2.3%,2.3%,2.1%,2.3%,2.3%,2.1%,2.3%,2.3%
Shipley Co Const,E14000925,1726,2075,2075,1726,2075,2075,1735,2075,2075,3.3%,3.9%,3.9%,3.3%,3.9%,3.9%,3.3%,3.9%,3.9%
Shrewsbury and Atcham Co Const,E14000926,2412,3051,3165,2412,3052,3166,2494,3149,3263,3.6%,4.5%,4.7%,3.6%,4.5%,4.7%,3.7%,4.7%,4.9%
Sittingbourne and Sheppey Co Const,E14000927,1106,13161,15802,1110,13340,16250,3165,15418,16245,1.7%,20.8%,24.9%,1.8%,21.0%,25.6%,5.0%,24.3%,25.6%
Skipton and Ripon Co Const,E14000928,5524,8054,8481,5680,8274,8701,5710,8319,8768,6.4%,9.4%,9.9%,6.6%,9.6%,10.1%,6.7%,9.7%,10.2%
Sleaford and North Hykeham Co Const,E14000929,3516,5940,5959,3691,6250,6269,3684,6251,6270,4.6%,7.7%,7.8%,4.8%,8.1%,8.2%,4.8%,8.1%,8.2%
Slough Boro Const,E14000930,3304,4691,6227,3304,4692,6228,3302,4690,6227,5.9%,8.4%,11.1%,5.9%,8.4%,11.1%,5.9%,8.4%,11.1%
Solihull Boro Const,E14000931,554,580,580,1066,1103,1103,1068,1105,1105,1.2%,1.2%,1.2%,2.2%,2.3%,2.3%,2.2%,2.3%,2.3%
Somerton and Frome Co Const,E14000932,2208,2973,3023,1911,2575,2625,2220,3047,3166,2.7%,3.6%,3.7%,2.3%,3.1%,3.2%,2.7%,3.7%,3.8%
South Basildon and East Thurrock Co Const,E14000933,266,1825,3411,271,1889,3527,271,1905,3633,0.5%,3.6%,6.8%,0.5%,3.8%,7.0%,0.5%,3.8%,7.2%
South Cambridgeshire Co Const,E14000934,2370,2816,3091,2371,2817,3092,2591,3053,3328,3.4%,4.0%,4.4%,3.4%,4.0%,4.4%,3.7%,4.3%,4.7%
South Derbyshire Co Const,E14000935,2043,5654,5951,2043,5653,5951,2044,5656,5952,3.7%,10.2%,10.7%,3.7%,10.2%,10.7%,3.7%,10.2%,10.7%
South Dorset Co Const,E14000936,2000,4470,5042,2013,4465,5037,2031,4487,5058,3.3%,7.4%,8.3%,3.3%,7.4%,8.3%,3.4%,7.4%,8.3%
South East Cambridgeshire Co Const,E14000937,2304,3373,3818,2304,3375,3820,2304,3375,3820,3.1%,4.6%,5.2%,3.1%,4.6%,5.2%,3.1%,4.6%,5.2%
South East Cornwall Co Const,E14000938,2522,2841,2856,2523,2841,2856,2522,2841,2856,3.6%,4.0%,4.1%,3.6%,4.0%,4.1%,3.6%,4.0%,4.1%
South Holland and The Deepings Co Const,E14000939,20015,41676,48353,20123,42083,48805,20068,41605,48805,29.9%,62.3%,72.3%,30.1%,62.9%,72.9%,30.0%,62.2%,72.9%
South Leicestershire Co Const,E14000940,838,1086,1086,1408,1894,1894,1496,2010,2010,1.5%,1.9%,1.9%,2.5%,3.3%,3.3%,2.6%,3.5%,3.5%
South Norfolk Co Const,E14000941,1365,2360,2377,1364,2360,2377,1411,2410,2498,1.9%,3.3%,3.3%,1.9%,3.3%,3.3%,2.0%,3.3%,3.5%
South Northamptonshire Co Const,E14000942,531,850,915,539,890,955,547,899,965,0.8%,1.2%,1.3%,0.8%,1.3%,1.4%,0.8%,1.3%,1.4%
South Ribble Co Const,E14000943,1460,4047,6658,1425,4050,6660,2221,4563,6841,2.6%,7.3%,12.0%,2.6%,7.3%,12.0%,4.0%,8.2%,12.3%
South Shields Boro Const,E14000944,20,64,64,20,62,62,20,77,77,0.0%,0.1%,0.1%,0.0%,0.1%,0.1%,0.0%,0.2%,0.2%
South Staffordshire Co Const,E14000945,1009,1305,1305,1010,1305,1305,1011,1305,1305,1.9%,2.5%,2.5%,1.9%,2.5%,2.5%,2.0%,2.5%,2.5%
South Suffolk Co Const,E14000946,1098,1437,1444,1721,2305,2318,1722,2306,2318,1.7%,2.3%,2.3%,2.7%,3.6%,3.6%,2.7%,3.6%,3.6%
South Swindon Co Const,E14000947,292,520,520,292,520,520,292,520,520,0.5%,0.9%,0.9%,0.5%,0.9%,0.9%,0.5%,0.9%,0.9%
South Thanet Co Const,E14000948,1081,1454,1454,1252,1712,1712,1249,1707,1707,1.9%,2.5%,2.5%,2.1%,2.9%,2.9%,2.1%,2.9%,2.9%
South West Bedfordshire Co Const,E14000949,462,820,1083,471,829,1092,471,989,1092,0.8%,1.5%,1.9%,0.8%,1.5%,1.9%,0.8%,1.8%,1.9%
South West Devon Co Const,E14000950,1211,1554,1558,1106,1395,1399,1122,1410,1415,2.3%,3.0%,3.0%,2.1%,2.7%,2.7%,2.1%,2.7%,2.7%
South West Hertfordshire Co Const,E14000951,579,1080,1166,598,1090,1175,594,1089,1175,1.0%,1.9%,2.1%,1.1%,2.0%,2.1%,1.1%,2.0%,2.1%
South West Norfolk Co Const,E14000952,11034,12754,12971,11088,12860,13078,11217,13004,13374,14.7%,16.9%,17.2%,14.7%,17.1%,17.4%,14.9%,17.3%,17.8%
South West Surrey Co Const,E14000953,1450,2236,2236,1547,2377,2377,1548,2377,2377,2.4%,3.7%,3.7%,2.5%,3.9%,3.9%,2.5%,3.9%,3.9%
South West Wiltshire Co Const,E14000954,1187,1844,1854,1187,1844,1854,1186,1844,1854,1.8%,2.8%,2.8%,1.8%,2.8%,2.8%,1.8%,2.8%,2.8%
"Southampton, Itchen Boro Const",E14000955,751,1448,1448,752,1457,1457,752,1454,1454,1.4%,2.7%,2.7%,1.4%,2.7%,2.7%,1.4%,2.7%,2.7%
"Southampton, Test Boro Const",E14000956,1596,1863,1863,1647,1927,1927,1649,1927,1927,3.0%,3.5%,3.5%,3.1%,3.6%,3.6%,3.1%,3.6%,3.6%
Southend West Boro Const,E14000957,354,573,573,360,649,649,457,894,943,0.8%,1.3%,1.3%,0.8%,1.4%,1.4%,1.0%,2.0%,2.1%
Southport Boro Const,E14000958,16,3147,6842,16,3147,6842,16,3146,6842,0.0%,5.8%,12.5%,0.0%,5.8%,12.5%,0.0%,5.8%,12.5%
Spelthorne Boro Const,E14000959,6257,13404,13856,6989,18081,18545,6997,18084,18545,13.0%,27.8%,28.7%,14.5%,37.5%,38.5%,14.5%,37.5%,38.5%
St. Albans Co Const,E14000960,430,581,637,917,991,1047,1044,1129,1129,0.8%,1.1%,1.2%,1.8%,1.9%,2.0%,2.0%,2.2%,2.2%
St. Austell and Newquay Co Const,E14000961,2401,2651,2651,2401,2651,2651,2400,2651,2651,3.4%,3.7%,3.7%,3.4%,3.7%,3.7%,3.4%,3.7%,3.7%
St. Helens North Boro Const,E14000962,305,439,439,316,439,439,316,439,439,0.6%,0.9%,0.9%,0.6%,0.9%,0.9%,0.6%,0.9%,0.9%
St. Helens South and Whiston Boro Const,E14000963,205,414,438,205,414,438,204,414,438,0.4%,0.8%,0.8%,0.4%,0.8%,0.8%,0.4%,0.8%,0.8%
St. Ives Co Const,E14000964,2993,3432,3732,2994,3439,3751,2988,3435,3749,4.3%,4.9%,5.3%,4.3%,4.9%,5.4%,4.3%,4.9%,5.4%
Stafford Co Const,E14000965,1575,2078,2083,1576,2078,2083,1578,2078,2083,2.9%,3.8%,3.8%,2.9%,3.8%,3.8%,2.9%,3.8%,3.8%
Staffordshire Moorlands Co Const,E14000966,774,876,876,774,876,876,774,876,876,1.4%,1.6%,1.6%,1.4%,1.6%,1.6%,1.4%,1.6%,1.6%
Stalybridge and Hyde Co Const,E14000967,1116,1473,1477,1144,1501,1505,1166,1527,1505,2.0%,2.7%,2.7%,2.1%,2.7%,2.7%,2.1%,2.8%,2.7%
Stevenage Co Const,E14000968,120,311,376,219,371,382,276,382,382,0.2%,0.6%,0.7%,0.4%,0.7%,0.7%,0.5%,0.7%,0.7%
Stockport Boro Const,E14000969,241,858,859,353,496,496,353,496,496,0.5%,1.9%,1.9%,0.8%,1.1%,1.1%,0.8%,1.1%,1.1%
Stockton North Boro Const,E14000970,541,1578,1613,572,1610,1645,595,1634,1645,1.1%,3.1%,3.2%,1.1%,3.2%,3.2%,1.2%,3.2%,3.2%
Stockton South Boro Const,E14000971,1002,1090,1164,1006,1090,1164,1008,1093,1167,2.0%,2.2%,2.3%,2.0%,2.2%,2.3%,2.0%,2.2%,2.3%
Stoke-on-Trent Central Boro Const,E14000972,1687,2623,2623,1689,2624,2624,1686,2624,2624,3.5%,5.4%,5.4%,3.5%,5.4%,5.4%,3.5%,5.4%,5.4%
Stoke-on-Trent North Boro Const,E14000973,269,293,293,269,293,293,269,293,293,0.5%,0.6%,0.6%,0.5%,0.6%,0.6%,0.5%,0.6%,0.6%
Stoke-on-Trent South Boro Const,E14000974,1907,2191,2191,1911,2194,2194,1908,2194,2194,4.2%,4.8%,4.8%,4.2%,4.8%,4.8%,4.2%,4.8%,4.8%
Stone Co Const,E14000975,1228,1384,1384,1239,1398,1398,1239,1398,1398,2.1%,2.4%,2.4%,2.1%,2.4%,2.4%,2.1%,2.4%,2.4%
Stourbridge Boro Const,E14000976,339,381,381,339,381,381,339,381,382,0.7%,0.8%,0.8%,0.7%,0.8%,0.8%,0.7%,0.8%,0.8%
Stratford-on-Avon Co Const,E14000977,3945,5080,5090,4070,5279,5289,4076,5293,5303,6.0%,7.7%,7.7%,6.2%,8.0%,8.0%,6.2%,8.0%,8.0%
Streatham Boro Const,E14000978,861,1090,1090,861,1084,1084,860,1084,1084,1.6%,2.0%,2.0%,1.6%,2.0%,2.0%,1.6%,2.0%,2.0%
Stretford and Urmston Boro Const,E14000979,167,2400,2404,308,2311,2312,310,2311,2312,0.3%,4.6%,4.6%,0.6%,4.5%,4.5%,0.6%,4.5%,4.5%
Stroud Co Const,E14000980,1934,3181,4142,1977,3222,4183,2172,3716,4677,3.0%,4.9%,6.3%,3.0%,4.9%,6.4%,3.3%,5.7%,7.1%
Suffolk Coastal Co Const,E14000981,1838,5086,5187,2122,6416,6550,2127,6420,6554,2.3%,6.4%,6.6%,2.7%,8.1%,8.3%,2.7%,8.1%,8.3%
Sunderland Central Boro Const,E14000982,102,184,184,102,175,175,102,175,175,0.2%,0.3%,0.3%,0.2%,0.3%,0.3%,0.2%,0.3%,0.3%
Surrey Heath Co Const,E14000983,1398,3123,3123,1397,3123,3123,1397,3123,3123,2.5%,5.6%,5.6%,2.5%,5.6%,5.6%,2.5%,5.6%,5.6%
Sutton and Cheam Boro Const,E14000984,566,810,810,566,810,810,565,810,810,1.2%,1.7%,1.7%,1.2%,1.7%,1.7%,1.2%,1.7%,1.7%
Sutton Coldfield Boro Const,E14000985,184,261,279,184,261,279,184,261,279,0.4%,0.5%,0.6%,0.4%,0.5%,0.6%,0.4%,0.5%,0.6%
Tamworth Co Const,E14000986,1164,4357,4682,1164,4357,4682,1163,4356,4682,2.4%,9.1%,9.8%,2.4%,9.1%,9.8%,2.4%,9.1%,9.8%
Tatton Co Const,E14000987,351,421,421,351,421,421,351,421,421,0.6%,0.8%,0.8%,0.6%,0.8%,0.8%,0.6%,0.8%,0.8%
Taunton Deane Co Const,E14000988,3417,4570,5367,3540,4663,5536,3640,4834,5732,4.6%,6.1%,7.2%,4.8%,6.3%,7.4%,4.9%,6.5%,7.7%
Telford Boro Const,E14000989,457,487,487,457,487,487,462,493,493,1.0%,1.0%,1.0%,1.0%,1.0%,1.0%,1.0%,1.0%,1.0%
Tewkesbury Co Const,E14000990,3091,5582,5603,3094,5597,5618,3092,5615,5636,4.5%,8.2%,8.2%,4.5%,8.2%,8.2%,4.5%,8.2%,8.2%
The Cotswolds Co Const,E14000991,4405,5369,5369,4480,5452,5455,4493,5470,5473,5.7%,6.9%,6.9%,5.8%,7.0%,7.0%,5.8%,7.0%,7.0%
The Wrekin Co Const,E14000992,728,792,792,729,793,793,773,837,837,1.4%,1.5%,1.5%,1.4%,1.5%,1.5%,1.5%,1.6%,1.6%
Thirsk and Malton Co Const,E14000993,4487,5550,5754,4690,5860,6065,4688,5860,6065,4.7%,5.9%,6.1%,5.0%,6.2%,6.4%,5.0%,6.2%,6.4%
Thornbury and Yate Co Const,E14000994,767,1556,2658,827,1548,2544,957,1786,2874,1.5%,3.0%,5.1%,1.6%,2.9%,4.8%,1.8%,3.4%,5.5%
Thurrock Boro Const,E14000995,179,6404,15249,179,6404,15249,179,6407,15249,0.3%,10.8%,25.7%,0.3%,10.8%,25.7%,0.3%,10.8%,25.7%
Tiverton and Honiton Co Const,E14000996,5523,7473,7509,5520,7470,7506,5521,7488,7524,6.6%,9.0%,9.0%,6.6%,9.0%,9.0%,6.6%,9.0%,9.0%
Tonbridge and Malling Co Const,E14000997,3947,6745,6779,3964,6767,6803,3965,6768,6803,6.7%,11.5%,11.6%,6.8%,11.6%,11.6%,6.8%,11.6%,11.6%
Tooting Boro Const,E14000998,929,3471,3471,929,3464,3464,919,3464,3464,1.8%,6.9%,6.9%,1.8%,6.9%,6.9%,1.8%,6.9%,6.9%
Torbay Boro Const,E14000999,1817,2248,2598,1813,2241,2591,1814,2245,2591,3.0%,3.7%,4.3%,3.0%,3.7%,4.2%,3.0%,3.7%,4.2%
Torridge and West Devon Co Const,E14001000,3133,3805,4005,3104,3798,3966,3104,3797,3965,3.6%,4.4%,4.6%,3.6%,4.4%,4.5%,3.6%,4.4%,4.5%
Totnes Co Const,E14001001,3958,5146,5151,3647,4683,4688,4046,5256,5261,5.9%,7.6%,7.6%,5.4%,6.9%,6.9%,6.0%,7.8%,7.8%
Tottenham Boro Const,E14001002,598,7767,7768,598,7767,7768,599,7767,7768,0.9%,11.7%,11.7%,0.9%,11.7%,11.7%,0.9%,11.7%,11.7%
Truro and Falmouth Co Const,E14001003,1714,2678,2722,1714,2678,2722,1715,2676,2721,2.5%,3.9%,4.0%,2.5%,3.9%,4.0%,2.5%,3.9%,4.0%
Tunbridge Wells Co Const,E14001004,1654,1972,1972,1780,2104,2104,1786,2110,2110,2.8%,3.4%,3.4%,3.0%,3.6%,3.6%,3.0%,3.6%,3.6%
Twickenham Boro Const,E14001005,1955,4755,6736,1962,5604,7585,1961,5603,7585,3.5%,8.5%,12.1%,3.5%,10.1%,13.6%,3.5%,10.1%,13.6%
Tynemouth Boro Const,E14001006,24,37,37,24,35,35,32,87,87,0.0%,0.1%,0.1%,0.0%,0.1%,0.1%,0.1%,0.2%,0.2%
Uxbridge and South Ruislip Boro Const,E14001007,1166,2303,2342,1175,2553,2592,1233,3689,3728,2.3%,4.6%,4.7%,2.3%,5.1%,5.2%,2.5%,7.3%,7.4%
Vauxhall Boro Const,E14001008,34,34,24751,34,34,24751,34,34,24751,0.1%,0.1%,38.7%,0.1%,0.1%,38.7%,0.1%,0.1%,38.7%
Wakefield Co Const,E14001009,977,3739,4281,976,3739,4281,978,3743,4281,1.8%,6.8%,7.8%,1.8%,6.8%,7.8%,1.8%,6.8%,7.8%
Wallasey Boro Const,E14001010,108,850,4690,29,772,4653,28,771,4653,0.2%,1.8%,10.1%,0.1%,1.7%,10.0%,0.1%,1.7%,10.0%
Walsall North Boro Const,E14001011,1211,1238,1238,2058,2124,2124,2058,2124,2124,2.7%,2.7%,2.7%,4.5%,4.7%,4.7%,4.5%,4.7%,4.7%
Walsall South Boro Const,E14001012,417,1117,1117,417,1117,1117,417,1116,1116,0.9%,2.4%,2.4%,0.9%,2.4%,2.4%,0.9%,2.4%,2.4%
Walthamstow Boro Const,E14001013,2572,3853,3863,2572,3853,3863,2565,3853,3863,4.9%,7.4%,7.4%,4.9%,7.4%,7.4%,4.9%,7.4%,7.4%
Wansbeck Co Const,E14001014,163,1377,1562,164,1379,1563,164,1377,1563,0.4%,3.0%,3.4%,0.4%,3.0%,3.4%,0.4%,3.0%,3.4%
Wantage Co Const,E14001015,1697,2183,2183,1856,2357,2357,1857,2358,2358,2.5%,3.3%,3.3%,2.8%,3.5%,3.5%,2.8%,3.5%,3.5%
Warley Boro Const,E14001016,324,390,390,324,390,390,323,390,390,0.8%,0.9%,0.9%,0.8%,0.9%,0.9%,0.8%,0.9%,0.9%
Warrington North Boro Const,E14001017,3016,6998,7070,2919,6898,6970,3124,7701,7771,5.9%,13.8%,13.9%,5.7%,13.6%,13.7%,6.2%,15.2%,15.3%
Warrington South Boro Const,E14001018,3050,10491,10491,3043,10462,10462,3085,10704,10704,5.2%,17.9%,17.9%,5.2%,17.9%,17.9%,5.3%,18.3%,18.3%
Warwick and Leamington Boro Const,E14001019,2023,3687,3687,2023,3687,3687,2024,3687,3687,3.8%,7.0%,7.0%,3.8%,7.0%,7.0%,3.8%,7.0%,7.0%
Washington and Sunderland West Boro Const,E14001020,151,253,253,171,272,272,171,272,272,0.3%,0.6%,0.6%,0.4%,0.6%,0.6%,0.4%,0.6%,0.6%
Watford Boro Const,E14001021,361,466,466,474,620,654,476,620,654,0.7%,0.8%,0.8%,0.9%,1.1%,1.2%,0.9%,1.1%,1.2%
Waveney Co Const,E14001022,1783,3501,3501,1840,4038,4038,1856,4045,4045,2.8%,5.5%,5.5%,2.9%,6.3%,6.3%,2.9%,6.3%,6.3%
Wealden Co Const,E14001023,785,1074,1074,785,1074,1074,788,1187,1187,1.1%,1.5%,1.5%,1.1%,1.5%,1.5%,1.1%,1.7%,1.7%
Weaver Vale Co Const,E14001024,524,1867,2034,523,1839,2006,523,1845,2012,1.1%,3.8%,4.1%,1.1%,3.7%,4.0%,1.1%,3.7%,4.1%
Wellingborough Co Const,E14001025,433,735,735,474,1113,1113,476,1113,1113,0.7%,1.3%,1.3%,0.8%,1.9%,1.9%,0.8%,1.9%,1.9%
Wells Co Const,E14001026,3425,18018,18018,5694,18105,18105,7223,20137,20137,4.6%,24.1%,24.1%,7.6%,24.2%,24.2%,9.7%,26.9%,26.9%
Welwyn Hatfield Co Const,E14001027,387,431,446,428,445,460,433,445,460,0.7%,0.8%,0.8%,0.8%,0.8%,0.8%,0.8%,0.8%,0.8%
Wentworth and Dearne Co Const,E14001028,614,1410,1410,614,1414,1414,615,1415,1415,1.2%,2.7%,2.7%,1.2%,2.7%,2.7%,1.2%,2.7%,2.7%
West Bromwich East Boro Const,E14001029,541,785,785,541,785,785,541,785,785,1.3%,1.9%,1.9%,1.3%,1.9%,1.9%,1.3%,1.9%,1.9%
West Bromwich West Boro Const,E14001030,894,1464,1464,1447,2080,2080,1450,2079,2079,2.0%,3.3%,3.3%,3.2%,4.6%,4.6%,3.2%,4.6%,4.6%
West Dorset Co Const,E14001031,2367,3884,4042,2213,3690,3848,2311,3840,4034,2.9%,4.8%,5.0%,2.7%,4.6%,4.8%,2.9%,4.7%,5.0%
West Ham Boro Const,E14001032,1421,15099,28820,1421,15099,28820,1420,15101,28820,1.9%,20.6%,39.3%,1.9%,20.6%,39.3%,1.9%,20.6%,39.3%
West Lancashire Co Const,E14001033,493,725,774,458,766,817,498,786,817,0.9%,1.3%,1.4%,0.8%,1.4%,1.4%,0.9%,1.4%,1.4%
West Suffolk Co Const,E14001034,1759,2491,2521,1857,2811,2851,1893,2851,2891,2.3%,3.3%,3.3%,2.4%,3.7%,3.7%,2.5%,3.7%,3.8%
West Worcestershire Co Const,E14001035,1601,2703,2795,1601,2704,2796,1614,2741,2836,2.3%,4.0%,4.1%,2.3%,4.0%,4.1%,2.4%,4.0%,4.2%
Westminster North Boro Const,E14001036,0,0,0,0,0,0,0,0,0,0.0%,0.0%,0.0%,0.0%,0.0%,0.0%,0.0%,0.0%,0.0%
Westmorland and Lonsdale Co Const,E14001037,6232,8866,9221,6241,8871,9227,6273,9173,9539,8.2%,11.6%,12.1%,8.2%,11.6%,12.1%,8.2%,12.0%,12.5%
Weston-Super-Mare Co Const,E14001038,759,35482,35604,766,35451,35575,795,35494,35624,1.2%,54.7%,54.9%,1.2%,54.6%,54.8%,1.2%,54.7%,54.9%
Wigan Co Const,E14001039,521,1305,1763,521,1305,1763,531,1315,1771,1.0%,2.4%,3.2%,1.0%,2.4%,3.2%,1.0%,2.4%,3.2%
Wimbledon Boro Const,E14001040,1112,2847,2847,1097,2601,2601,1098,2601,2601,2.3%,5.9%,5.9%,2.3%,5.4%,5.4%,2.3%,5.4%,5.4%
Winchester Co Const,E14001041,1231,1398,1570,1719,1957,2129,1847,2086,2258,2.2%,2.5%,2.8%,3.0%,3.5%,3.8%,3.3%,3.7%,4.0%
Windsor Co Const,E14001042,6194,12541,14224,6242,12792,14740,6247,12797,14751,10.6%,21.6%,24.4%,10.7%,22.0%,25.3%,10.7%,22.0%,25.3%
Wirral South Co Const,E14001043,26,93,101,77,79,87,100,255,263,0.1%,0.2%,0.3%,0.2%,0.2%,0.2%,0.3%,0.7%,0.7%
Wirral West Co Const,E14001044,20,76,1408,33,86,1418,32,85,1418,0.1%,0.2%,3.8%,0.1%,0.2%,3.9%,0.1%,0.2%,3.9%
Witham Co Const,E14001045,1053,1336,1350,1057,1380,1406,1056,1382,1408,1.9%,2.4%,2.4%,1.9%,2.5%,2.5%,1.9%,2.5%,2.5%
Witney Co Const,E14001046,2041,3363,3385,2042,3363,3385,2042,3364,3386,3.0%,5.0%,5.0%,3.0%,5.0%,5.0%,3.0%,5.0%,5.0%
Woking Co Const,E14001047,1367,3874,3990,1366,3873,3990,1368,3872,3990,2.5%,7.0%,7.2%,2.5%,7.0%,7.2%,2.5%,7.0%,7.2%
Wokingham Co Const,E14001048,1336,2490,2490,1380,2547,2547,1404,2598,2598,2.5%,4.7%,4.7%,2.6%,4.8%,4.8%,2.6%,4.9%,4.9%
Wolverhampton North East Boro Const,E14001049,1113,1178,1178,1112,1181,1181,1113,1181,1181,2.6%,2.8%,2.8%,2.6%,2.8%,2.8%,2.6%,2.8%,2.8%
Wolverhampton South East Boro Const,E14001050,256,492,492,517,1129,1129,625,1181,1181,0.6%,1.1%,1.1%,1.2%,2.6%,2.6%,1.4%,2.7%,2.7%
Wolverhampton South West Boro Const,E14001051,39,169,169,39,169,169,39,169,169,0.1%,0.4%,0.4%,0.1%,0.4%,0.4%,0.1%,0.4%,0.4%
Worcester Boro Const,E14001052,1335,1553,1569,1337,1555,1571,1336,1556,1574,2.6%,3.0%,3.0%,2.6%,3.0%,3.0%,2.6%,3.0%,3.0%
Workington Co Const,E14001053,1413,3861,3930,1413,3862,3930,1426,3880,3960,2.5%,6.8%,6.9%,2.5%,6.8%,6.9%,2.5%,6.8%,7.0%
Worsley and Eccles South Co Const,E14001054,566,5155,5155,566,5155,5155,564,5155,5155,1.1%,10.1%,10.1%,1.1%,10.1%,10.1%,1.1%,10.1%,10.1%
Worthing West Boro Const,E14001055,652,3413,3413,652,3413,3413,652,3413,3413,1.2%,6.3%,6.3%,1.2%,6.3%,6.3%,1.2%,6.3%,6.3%
Wycombe Co Const,E14001056,554,1065,1066,725,2020,2021,724,2020,2021,1.0%,2.0%,2.0%,1.3%,3.7%,3.7%,1.3%,3.7%,3.7%
Wyre and Preston North Co Const,E14001057,1797,4558,8827,1486,4231,8832,1485,4228,8832,3.2%,8.2%,16.0%,2.7%,7.6%,16.0%,2.7%,7.6%,16.0%
Wyre Forest Co Const,E14001058,1476,2273,2281,1476,2273,2281,1478,2274,2282,2.5%,3.9%,3.9%,2.5%,3.9%,3.9%,2.5%,3.9%,3.9%
Wythenshawe and Sale East Boro Const,E14001059,759,1632,1967,796,2359,2685,797,2360,2685,1.4%,3.1%,3.7%,1.5%,4.4%,5.1%,1.5%,4.4%,5.1%
Yeovil Co Const,E14001060,1350,1723,1777,1321,1635,1635,1460,1851,1851,1.9%,2.4%,2.5%,1.9%,2.3%,2.3%,2.0%,2.6%,2.6%
York Central Boro Const,E14001061,1921,5192,5194,1921,5192,5194,1864,5191,5193,3.4%,9.3%,9.3%,3.4%,9.3%,9.3%,3.3%,9.3%,9.3%
York Outer Co Const,E14001062,1413,2479,2484,1478,3001,3006,1481,3002,3007,2.6%,4.6%,4.7%,2.8%,5.6%,5.6%,2.8%,5.6%,5.6%
