FID,CTYUA24CD,CTYUA24NM,CTYUA24NMW,BNG_E,BNG_N,LONG,LAT,Shape__Area,Shape__Length,GlobalID
1,E06000001,Hartlepool, ,447161,531473,-1.27017,54.67613,93875280.9628601,69674.5207210238,e88f5e0b-9722-41f8-8c01-10be74847756
2,E06000002,Middlesbrough, ,451141,516887,-1.211,54.54468,53858493.7863922,43640.4981051568,d8d6408f-8139-4243-958f-f1590d6b5a2a
3,E06000003,Redcar and Cleveland, ,464330,519596,-1.00657,54.56752,245176726.819321,95003.6670612435,97609a40-b83a-4d6a-a2a0-bf4d38f82081
4,E06000004,Stockton-on-Tees, ,444940,518179,-1.30665,54.55688,204921206.355103,118457.729719035,c69a1ba9-b085-443b-a203-6a20eb951984
5,E06000005,Darlington, ,428029,515648,-1.56836,54.53534,197506904.744354,105838.83497583,167f885b-cafd-4543-a54e-48cb662e86d5
6,E06000006,Halton, ,354246,382146,-2.68854,53.33425,79089911.1861954,76377.8965850911,8bcd4486-3e77-4e1c-921e-50e7b20e7453
7,E06000007,Warrington, ,362744,388457,-2.56168,53.39164,180623013.770103,111970.972523269,7260d99f-2833-4ff2-a696-84fa7d440bcb
8,E06000008,Blackburn with Darwen, ,369489,422806,-2.46362,53.70081,137062722.981293,63831.7324242496,d22a68a7-8106-42b5-bbeb-5c6eb3122952
9,E06000009,Blackpool, ,332817,436635,-3.02203,53.82164,34884310.997879,33975.3593485366,bc693069-262d-4007-ad86-bdae6998c353
10,E06000010,"Kingston upon Hull, City of", ,511892,431651,-0.30386,53.76921,71607422.3037567,63952.0925626271,1822dad2-ad5c-452b-9d57-7542235bebcf
11,E06000011,East Riding of Yorkshire, ,488056,443597,-0.66196,53.88112,2404925793.06543,496332.168986682,9608159a-67e7-4c89-8b89-7fc4b03a29b2
12,E06000012,North East Lincolnshire, ,523465,404564,-0.13911,53.52327,192716784.039932,90918.8293091063,0edaeab9-959a-49d7-b8a7-232c677f9135
13,E06000013,North Lincolnshire, ,497800,410993,-0.52408,53.58643,846530433.721375,240837.871423774,b3644f2f-16a3-4965-b771-67d6026024be
14,E06000014,York, ,460863,452590,-1.07377,53.96583,271923655.541763,100557.418612781,b6fef84c-0d4b-49d4-a3e0-7708e3a6b51d
15,E06000015,Derby, ,435611,335375,-1.47187,52.91464,78023829.9544525,49244.2654722917,660e40d8-8f01-4d77-a06a-48536592c455
16,E06000016,Leicester, ,458946,304594,-1.13041,52.63592,73370912.1705627,50724.0088834945,65136454-11c6-4c6c-b2b6-e081e9016eec
17,E06000017,Rutland, ,492992,308655,-0.62631,52.66766,393724807.193283,120364.195872825,68b7f5f4-fb61-4bf2-967a-f983dc37672d
18,E06000018,Nottingham, ,456082,339970,-1.16668,52.9542,74617126.6348267,58022.0791648337,f2034016-9e35-4270-bb90-c4e117dab720
19,E06000019,"Herefordshire, County of", ,349434,242842,-2.73931,52.08162,2179660349.17619,338971.994278041,0f319e3f-e985-4df7-bd9a-c420b8bd7903
20,E06000020,Telford and Wrekin, ,367035,313057,-2.48941,52.71418,290285501.656441,115814.843743415,c4e35a30-2102-4de5-9156-273f8f436f07
21,E06000021,Stoke-on-Trent, ,389438,346650,-2.15889,53.01706,93385028.2228241,62495.7936146974,17b58d0d-037a-4126-8dd4-5e1584883a56
22,E06000022,Bath and North East Somerset, ,366215,161999,-2.48657,51.35605,351203260.741306,137430.279126668,290cb582-e079-43b0-82f1-b24060d04022
23,E06000023,"Bristol, City of", ,359990,174844,-2.57742,51.47114,109615764.268772,95342.8970404329,36d9c9f0-5d51-44f2-868f-9e246efb170d
24,E06000024,North Somerset, ,347614,166718,-2.75438,51.39706,374697691.173119,148611.764611307,e3f20881-3488-46d7-8eb9-e7f65bb7b0f5
25,E06000025,South Gloucestershire, ,367556,183197,-2.46927,51.54673,497013253.655693,139884.877581108,eef5fd7f-29ce-4098-86c3-32b3eb51b29b
26,E06000026,Plymouth, ,249945,58255,-4.11298,50.40495,79839060.5608082,87533.2232382434,a321bccf-00ff-4f32-8496-bb59ce91b602
27,E06000027,Torbay, ,289730,64613,-3.55524,50.47092,62920837.4473801,72278.0892003488,d468be43-6434-4e27-a13c-9b6a864ebba2
28,E06000030,Swindon, ,418550,186565,-1.73369,51.57765,230063386.020531,100094.284357865,dbf0f04c-b9bd-42a9-acd4-3e16119bfdc3
29,E06000031,Peterborough, ,517372,300777,-0.26874,52.59215,343447071.090149,111052.871561258,da5e4256-3af9-48ca-be66-756589095778
30,E06000032,Luton, ,508606,222559,-0.4232,51.89102,43365628.8100967,34297.8060142221,13433ee4-620f-4fba-8ee0-8ffed7c7d3fb
31,E06000033,Southend-on-Sea, ,587777,186837,0.706923,51.54918,41654238.8044968,52178.6983188435,d8e715be-50f6-483c-8984-e39a2092610e
32,E06000034,Thurrock, ,562124,181588,0.334874,51.50996,163751781.459717,109557.147969406,5b0d00f5-7834-4139-91fc-3e83cb7c3dfc
33,E06000035,Medway, ,578207,175198,0.563174,51.44773,193617448.853569,224211.731175943,2c93cb38-8d70-4596-8439-76215e0d7c5d
34,E06000036,Bracknell Forest, ,488168,168791,-0.73365,51.4113,109325704.23568,61838.531769213,5bfab183-0176-4ed0-8be5-940931136524
35,E06000037,West Berkshire, ,450573,172095,-1.27367,51.44559,704168546.273819,163632.899530593,a3b7c2b6-90e9-4705-b9f2-defebc4ea0cc
36,E06000038,Reading, ,470223,173153,-0.99075,51.45302,40383603.7699051,38634.6471210901,41114189-07fa-4698-b53e-143116100121
37,E06000039,Slough, ,498920,179246,-0.57618,51.5035,32533677.6871414,43329.4177777712,618073d7-0f3f-4089-9591-dc8ba68281bd
38,E06000040,Windsor and Maidenhead, ,492079,176541,-0.67541,51.48034,198390266.731041,113834.156517905,1ea51eb3-64d2-4c4e-b643-c1eaad03ec10
39,E06000041,Wokingham, ,476624,169903,-0.89936,51.42297,178990572.96032,85716.9275440401,e43685f5-ebe1-4acd-8f4a-d0443e02d4bb
40,E06000042,Milton Keynes, ,486408,242308,-0.74071,52.07242,308673806.561249,100935.717675825,a51e1b73-66e0-415f-aaca-52b37582d48c
41,E06000043,Brighton and Hove, ,530278,106850,-0.15081,50.84651,82856571.1821365,57926.4679714059,3a10f7bf-1f17-4f54-927a-dc967b4f0dcd
42,E06000044,Portsmouth, ,465619,101352,-1.07006,50.808,40382199.094574,69569.0196375428,10a1c234-a6f6-402c-b05d-a68c2286382b
43,E06000045,Southampton, ,442303,113700,-1.39953,50.92121,49849054.7843781,59223.7971182556,eefb2452-569c-45a2-ba70-cf1103723acb
44,E06000046,Isle of Wight, ,447183,85949,-1.33366,50.67129,379679675.759098,188651.166731397,a3c569d1-adf2-4304-8a23-2255bfc36b60
45,E06000047,County Durham, ,410383,532242,-1.84048,54.68513,2230916083.57796,309278.104323957,3448c307-4f76-441f-bb6b-64fb5228155a
46,E06000049,Cheshire East, ,380510,363462,-2.293,53.16793,1166289498.66608,290321.098180964,dc4b353c-e666-4fbb-a403-833d1f9c55a2
47,E06000050,Cheshire West and Chester, ,353097,363145,-2.70298,53.16336,919929918.254143,321727.703297465,2e1a2d5e-c446-4d33-9f96-6ee2c3dd64e6
48,E06000051,Shropshire, ,350227,302957,-2.73667,52.6221,3197365868.24832,560025.347202274,033d2e2d-1fe4-40f5-aabc-0044ac814f01
49,E06000052,Cornwall, ,212497,64493,-4.64255,50.45023,3548854866.70507,1118577.56327718,36413eaf-59ae-4cd9-9e8e-c93ca22acbd3
50,E06000053,Isles of Scilly, ,91327,11447,-6.30217,49.92333,16344706.7071983,103157.102030377,f9de741a-6168-4fd4-9670-afe92458b45c
51,E06000054,Wiltshire, ,405213,158862,-1.92656,51.32883,3255420541.49961,394902.615114753,d2d8a52b-b5ed-4b7e-a965-4fd1fdcb3be8
52,E06000055,Bedford, ,505721,256463,-0.45464,52.19629,476389221.943596,129897.953222371,86d87701-eafa-47c4-9448-f31eea9534b2
53,E06000056,Central Bedfordshire, ,504615,234492,-0.47754,51.99904,715599199.247597,229306.066680391,4d0ce6cd-ecf3-4213-8af1-bf4cf532e8d4
54,E06000057,Northumberland, ,395323,600700,-2.07522,55.30038,5032415322.02342,585622.865590586,84d8602e-f450-4ef3-8134-1eb3bc6e0f0e
55,E06000058,"Bournemouth, Christchurch and Poole", ,410815,94067,-1.84807,50.7461,162087800.235004,156267.764340964,666f3f45-11fc-4fa6-b733-0e2f8ecf0beb
56,E06000059,Dorset, ,370877,99796,-2.41459,50.79698,2490967005.03929,556281.350061826,79f47a1d-e56d-4bd9-b544-6a1545314d9c
57,E06000060,Buckinghamshire, ,482503,208562,-0.80574,51.76967,1565020702.31808,354594.734885997,cca5b8c7-3f3f-440f-8530-34e6a3973576
58,E06000061,North Northamptonshire, ,493590,281719,-0.62505,52.42547,986607243.912437,205118.377243474,7960cfdd-4912-40e7-84e7-0fff3aedf34c
59,E06000062,West Northamptonshire, ,467187,263879,-1.01683,52.26899,1380390549.42884,254647.851456936,d91f576f-1978-4aa3-81b7-693b63d57670
60,E06000063,Cumberland, ,315764,533086,-3.30816,54.68576,3035738673.37363,705069.37926957,bac0b024-bc85-430e-8c45-a46403beba5b
61,E06000064,Westmorland and Furness, ,353889,510941,-2.71337,54.4917,3789462057.36897,596161.242791404,d9450632-6a5d-417e-bd22-085df075d3c6
62,E06000065,North Yorkshire, ,429508,466514,-1.55034,54.0937,8040215105.39124,858197.787676205,d84da9b3-1d74-435e-82d0-7c0b0846f0d2
63,E06000066,Somerset, ,309294,131078,-3.29604,51.07183,3451737869.7877,530139.163855159,87bd2af0-91f5-4334-bfab-560e93e19075
64,E08000001,Bolton, ,368352,409874,-2.47952,53.58451,139791802.436264,78806.8187708977,5847735c-bab5-41e4-ae6c-c969633d0d9c
65,E08000002,Bury, ,379658,410767,-2.3088,53.5931,99468459.5013733,66969.7286387607,dbc365d3-ea04-4603-924f-6184b3949344
66,E08000003,Manchester, ,384591,397063,-2.2336,53.47009,115611214.791565,83889.703012767,568f8538-8e45-4e0d-bfd7-09ac81df87b8
67,E08000004,Oldham, ,396603,406784,-2.05275,53.55768,142346905.175797,69717.0655177556,250bb68a-73fc-4b02-9f2d-7f68f8267d99
68,E08000005,Rochdale, ,390315,412326,-2.14784,53.60742,158123355.609039,81287.3653063383,62be26a6-5179-4e49-834e-8585fb3c1b40
69,E08000006,Salford, ,374556,398128,-2.38485,53.47927,97168928.1113586,62386.933966781,d0ad7caf-afa2-4bad-bede-8e391ff82e05
70,E08000007,Stockport, ,391807,388258,-2.12466,53.39111,126067505.396011,71496.2981464957,a60b0c01-aa8e-4d9d-aa60-a55f2a5a182d
71,E08000008,Tameside, ,394987,397995,-2.077,53.47867,103160944.748672,54036.9672278895,93be3af4-58a5-4e50-bba9-6a0ad8e74bad
72,E08000009,Trafford, ,375790,391163,-2.36572,53.41673,106021261.21106,59296.7038670279,5a884654-8ee2-4a06-84d1-500640d1a08a
73,E08000010,Wigan, ,362139,402126,-2.57242,53.51445,188157307.929443,84976.5079232844,60bd5deb-942a-4a0e-8a23-d5817b1843c7
74,E08000011,Knowsley, ,344762,393778,-2.83298,53.43789,86539624.9655075,66871.0236198759,0c9ea076-bc20-4e14-8b40-55fa4404970c
75,E08000012,Liverpool, ,339359,390556,-2.91368,53.40833,111819527.207237,61239.7229929945,bea98d0d-d8b9-4654-ad7d-cf8293704483
76,E08000013,St. Helens, ,353413,395992,-2.70309,53.45862,136390518.131981,75033.3662590817,03c8c2dd-32f5-4c80-a796-2174e111dc8a
77,E08000014,Sefton, ,334282,398835,-2.99177,53.48213,156562804.919746,125721.455263543,f46b76ab-ac06-425a-89cc-6f733951eafd
78,E08000015,Wirral, ,329109,386965,-3.06703,53.37478,160873154.45472,126186.994974795,d1281365-e3ad-494e-8349-2a1d05504803
79,E08000016,Barnsley, ,429979,403327,-1.54926,53.52577,329146297.383224,123636.326386118,3fd58565-045d-489b-b0e2-be4cc2cac7f6
80,E08000017,Doncaster, ,459167,403733,-1.10895,53.52696,568005734.802734,168680.396858655,78ad03be-9e7a-4b38-8ce3-27d6e7b6d6e2
81,E08000018,Rotherham, ,447542,388980,-1.28651,53.39554,286460759.56369,103586.240662406,71150196-77ce-4d6a-a639-b05ac0b33b38
82,E08000019,Sheffield, ,430511,389736,-1.54255,53.40359,367844821.162354,129228.083093625,d4b8a3ed-c4f4-40d9-8c92-9c8a08939a07
83,E08000021,Newcastle upon Tyne, ,422287,569661,-1.65297,55.021,113433796.5009,64350.2434570067,75cdf941-548a-472a-a2d3-8964d2f9e8b5
84,E08000022,North Tyneside, ,431485,570602,-1.50901,55.02896,82401390.3757172,61296.5787479676,8035d7f4-6409-4801-905d-510c4040d901
85,E08000023,South Tyneside, ,435505,564057,-1.44694,54.96988,64458137.3692474,48427.5667707015,dfafa18d-8bbd-4ce4-b600-027c26943818
86,E08000024,Sunderland, ,436455,551514,-1.43368,54.85711,137282469.824036,97333.6023216429,e7a9d361-d80d-428e-b7c5-16182457f959
87,E08000025,Birmingham, ,408150,287352,-1.88141,52.48404,267774763.194458,104068.774642879,86bf28ed-ffdf-4232-bf79-ec174ac3ad3f
88,E08000026,Coventry, ,432809,279689,-1.51905,52.41424,98627749.4845886,53054.2723148556,26f2fa8e-2ee0-4589-8e23-486c61675c35
89,E08000027,Dudley, ,393191,288584,-2.10171,52.49514,97944838.1296616,72594.7542916763,5c708c23-7b93-4951-9fcc-c6af99b7e3fe
90,E08000028,Sandwell, ,399573,290764,-2.00772,52.51478,85594077.7802429,57936.9298735916,072d7999-f097-4df1-a570-41fc658959b7
91,E08000029,Solihull, ,419434,281483,-1.71559,52.431,178308124.732689,98639.3932719792,81fab67f-e693-4c70-92fd-24b0c8d538d8
92,E08000030,Walsall, ,402099,300807,-1.97043,52.60506,104034699.597565,58633.9160242416,4e145be7-cc02-49bd-95b0-664bb361e5c5
93,E08000031,Wolverhampton, ,391463,300016,-2.12746,52.59788,69458147.0028839,54870.6728576204,bfe5a876-5a91-427b-bc8f-f74b491588ec
94,E08000032,Bradford, ,408395,438626,-1.8739,53.84383,366365248.427429,131638.246374174,fcfb03af-5101-4078-b774-3c11d3f76dfe
95,E08000033,Calderdale, ,402618,424895,-1.96181,53.72047,364004528.160172,105480.847217978,b845a4dd-b47e-45aa-9e25-3a8a9b332179
96,E08000034,Kirklees, ,414586,416223,-1.78085,53.64233,408496913.982056,121475.526843802,a2ad7737-9498-4644-ab00-1ea6e2a3addf
97,E08000035,Leeds, ,432528,436384,-1.50736,53.82273,551765365.885193,156666.277179165,ec283fef-dbc9-4fda-8bf2-ed4f21a99a7e
98,E08000036,Wakefield, ,438367,418231,-1.42091,53.65918,338607122.446335,106084.872617087,dc493059-12e5-4a29-bdeb-ac1110a12c56
99,E08000037,Gateshead, ,420158,559652,-1.68696,54.93115,142335872.399673,87361.9512970362,b1d9f80f-d99d-4c63-b141-d8ff19b9dc2a
100,E09000001,City of London, ,532382,181358,-0.09352,51.51564,2884699.89755249,9017.03862422564,cd6abff6-d834-4233-8162-1e032faee1e5
101,E09000002,Barking and Dagenham, ,547757,185111,0.129479,51.54556,36098561.2793961,39831.9178775268,b170d382-920c-4b01-9e30-5efd78ae0d4c
102,E09000003,Barnet, ,523473,191752,-0.2182,51.61107,86804123.716156,49835.3939688223,27323b80-7682-4c15-904d-bbbba0f82392
103,E09000004,Bexley, ,549202,175434,0.146212,51.45823,60583234.7424774,46070.1272726542,6d6bdbda-9374-49ca-b6a8-57cae16fe5f8
104,E09000005,Brent, ,519615,186465,-0.27569,51.56439,43224583.8391571,37673.1768403499,5d760e1f-015d-411b-a48b-b153ca81c52a
105,E09000006,Bromley, ,542036,165707,0.039246,51.37266,150112945.239502,74667.915693105,f2cbbc07-67c4-4802-9527-3575c2eb0daf
106,E09000007,Camden, ,527491,184283,-0.16291,51.54305,21787187.321228,25911.6543249611,19200bdc-aea7-44de-88f8-452f5fdc1b03
107,E09000008,Croydon, ,533922,164745,-0.07762,51.36599,86509594.34758,57396.9438936852,9bbd2eec-c516-40aa-8074-3ff93b245dca
108,E09000009,Ealing, ,517055,181959,-0.3141,51.52443,55552409.6881104,46637.5750207304,d36eff96-36c5-480e-b5d0-7a671c6acc8d
109,E09000010,Enfield, ,532831,196198,-0.08144,51.6489,82153556.7403412,40430.7322477416,ac493bd3-8c72-419f-8282-2c05dc15d5dd
110,E09000011,Greenwich, ,542507,175878,0.050093,51.46394,47294289.5310059,46299.8251478046,7ad19c36-f9a2-416e-a034-c0575279ea4f
111,E09000012,Hackney, ,534560,185787,-0.06046,51.55493,19046919.6333618,25019.1446071352,4ce885f9-4b53-46f3-9a79-c2fc3da5a81f
112,E09000013,Hammersmith and Fulham, ,523867,177993,-0.21735,51.48733,16389042.986351,23431.2625916443,63213e36-f937-4942-a09d-452217cdab69
113,E09000014,Haringey, ,531260,189349,-0.1067,51.58772,29604152.1713104,28392.8374607753,5e344109-7309-4c2d-a51a-7db0f9962251
114,E09000015,Harrow, ,515359,189736,-0.33599,51.59467,50478100.7578583,33298.9242637063,82993549-46f2-4147-b0d7-bf78b150ddb8
115,E09000016,Havering, ,555032,187514,0.235368,51.5652,112328262.00975,62431.1042311879,78c9e470-b2ec-469a-8c4c-c30004a0be42
116,E09000017,Hillingdon, ,508168,183121,-0.44179,51.53664,115714734.925911,62416.2053368501,f30f5d7e-60cb-4cfb-b751-638508c2b764
117,E09000018,Hounslow, ,512737,174959,-0.37855,51.46239,55942880.8778992,62781.8579773178,d353f235-b4ae-4b7e-b4a8-f30efca5b917
118,E09000019,Islington, ,531160,184645,-0.1099,51.54547,14853166.9880295,20465.2641532972,c41d3f30-ab24-47a2-80be-4eb53c761c80
119,E09000020,Kensington and Chelsea, ,525756,179054,-0.18978,51.49645,12145664.7416611,20726.3331675909,e11e3f7c-75e2-403b-b704-cb76fa266736
120,E09000021,Kingston upon Thames, ,519508,167389,-0.28368,51.39296,37271799.6050415,37036.0125099272,9407ebff-ac0c-4a49-89eb-6cd351e87238
121,E09000022,Lambeth, ,531118,175629,-0.11385,51.46445,26795312.1117706,33295.0543665826,306d773e-4df9-4f58-a4b7-400313f15433
122,E09000023,Lewisham, ,537888,173343,-0.01734,51.4423,35186217.3377762,40222.3450283709,f4da3759-c734-471f-8510-dcac3cd8e829
123,E09000024,Merton, ,526068,169508,-0.18869,51.41059,37622051.4488907,31697.0328833766,bce62ffc-80af-4068-9cc5-225ef98b9f6c
124,E09000025,Newham, ,540713,183346,0.027261,51.5315,36186383.0549011,34340.4940469101,0553e0db-b280-4fc1-b818-d9609dfc6020
125,E09000026,Redbridge, ,543512,189477,0.070085,51.58588,56378604.7625046,49312.8735204018,9d0c0e8b-acb3-4d32-b1d7-e449a1e55a5f
126,E09000027,Richmond upon Thames, ,519005,172650,-0.28914,51.44035,57319680.9280396,67256.4822458303,ec5bf09a-bfd8-4bae-a040-a3084bf26c17
127,E09000028,Southwark, ,533945,175869,-0.07309,51.46595,28849924.1222382,33537.0635412413,afe933bf-7685-4ae4-a45e-eb7afe58d37a
128,E09000029,Sutton, ,527357,163639,-0.17227,51.35755,43846686.503685,39118.0543236228,968f5cc5-d619-4f39-96ef-3a1c670d2fd6
129,E09000030,Tower Hamlets, ,536340,181452,-0.03648,51.51555,19766889.7109222,27418.6170598442,c4410635-c9e5-46d3-963f-8101c685beaa
130,E09000031,Waltham Forest, ,537328,190278,-0.0188,51.59462,38834079.11689,32534.2707510627,1ea22af2-0ef1-42ec-94f4-801cd08d0f51
131,E09000032,Wandsworth, ,525152,174138,-0.20022,51.4524,34262481.0886307,37898.2267625589,78282fbc-a19c-4bc3-9fc6-16e453cd0e18
132,E09000033,Westminster, ,528268,180871,-0.15295,51.51222,21446984.2440033,26967.0409944972,12382e4a-96a2-44a3-b831-c6cfee773aaf
133,E10000003,Cambridgeshire, ,520313,273863,-0.23505,52.34966,3052693419.1216,505055.640758751,55279e75-7980-4d8a-a824-1d7ac020af0a
134,E10000007,Derbyshire, ,426751,353559,-1.60212,53.07861,2550849947.86536,455361.533296187,ee8ffbcf-578c-464d-a448-cb7c211e85ab
135,E10000008,Devon, ,283144,93087,-3.65697,50.72561,6566651828.77632,1033321.06485679,05d091be-929e-4c67-919f-e2afe8e43799
136,E10000011,East Sussex, ,564122,117996,0.334545,50.93805,1712898028.27166,340747.590074486,11a28865-d580-437b-bdbd-cedc08e9e90e
137,E10000012,Essex, ,575269,215409,0.541047,51.80985,3464846703.69093,1541806.62736163,13406d46-a827-4a31-87e7-b6fa9dbdef60
138,E10000013,Gloucestershire, ,389595,213466,-2.15235,51.81973,2652531083.46695,520635.211376678,f4d83581-9d7e-4308-9a17-32dd8b599055
139,E10000014,Hampshire, ,452857,127536,-1.24738,51.04475,3678168001.8935,721931.744927906,671406ed-c888-4f52-a6e5-9dffc3274275
140,E10000015,Hertfordshire, ,518880,213639,-0.27704,51.80876,1643000409.66587,298583.749768104,faee5d7c-4c78-495b-a3aa-5b2e1ae83559
141,E10000016,Kent, ,590249,147268,0.72137,51.19296,3545249738.92593,724519.348030281,1c09db4b-b137-4e72-8d64-07f767c437bb
142,E10000017,Lancashire, ,369784,440758,-2.46092,53.86217,2894682631.67404,947846.676579984,3e872e72-e360-4377-b847-1424f6f1fb94
143,E10000018,Leicestershire, ,442147,310191,-1.37791,52.68779,2083802291.93387,366122.072873906,fb4e68b8-e60a-459f-8e3c-5be11d245134
144,E10000019,Lincolnshire, ,517984,358539,-0.23884,53.11102,5935970607.96019,1224636.63240264,2eca5b77-992b-4850-b847-42acd95887fc
145,E10000020,Norfolk, ,600549,312292,0.964714,52.67124,5384129306.57684,1368722.43007843,2d54558a-7190-4277-ae7d-9d8249263606
146,E10000024,Nottinghamshire, ,466570,359496,-1.00656,53.1285,2084779208.9882,377748.808446203,281d3165-e572-4c1e-a65b-7eb51f95e207
147,E10000025,Oxfordshire, ,448985,208339,-1.29147,51.77159,2605845753.91453,402344.81783261,58ba9c83-dc52-40df-9ca4-c97d7cd513db
148,E10000028,Staffordshire, ,398242,334649,-2.02758,52.90928,2623205171.59535,489428.280442192,9bd7df54-a50a-4242-b18a-b19acd925ab3
149,E10000029,Suffolk, ,608221,266122,1.049221,52.25387,3801248194.96783,812088.014259724,e7f601a6-e6e5-4878-b868-41bdea110ae8
150,E10000030,Surrey, ,515966,153408,-0.33911,51.26803,1670172155.6745,267338.442219546,b47ceabf-5b56-4db1-8277-8a2048cbf042
151,E10000031,Warwickshire, ,429584,253588,-1.56875,52.17977,1977591915.73161,387177.666880139,bd149de5-ef6b-4b94-8edb-31ac75b8e847
152,E10000032,West Sussex, ,508315,118008,-0.45935,50.95133,1990927394.30706,512749.669360127,1cea9bf6-ff5f-4895-b44b-ab9eecdebb19
153,E10000034,Worcestershire, ,385792,257204,-2.20936,52.21288,1740581594.11873,362154.89131237,57fbf3e7-d9aa-4201-b80f-c51f597b90ca
154,N09000001,Antrim and Newtownabbey, ,130813,541285,-6.1776,54.69386,728207668.398575,161709.748475148,b3c8cca3-28e8-4ec1-92fb-b7fb00196ec3
155,N09000002,"Armagh City, Banbridge and Craigavon", ,112110,508158,-6.43455,54.38671,1437080683.40336,237853.638162996,c2f5d2a2-8685-48d6-b1cc-c7dca527ed3c
156,N09000003,Belfast, ,146465,529747,-5.92535,54.59853,137700104.687813,64577.4434993471,5383ad43-df8b-47db-8c9b-e0226f91d288
157,N09000004,Causeway Coast and Glens, ,106168,581420,-6.59961,55.03962,1985640692.58535,354906.225205144,f4110ca9-7b9d-4db6-ad50-a53c271963eb
158,N09000005,Derry City and Strabane, ,51779,559566,-7.42064,54.80904,1251137278.35185,264374.982135158,ae364454-0c12-4893-8fef-d2be1337bacc
159,N09000006,Fermanagh and Omagh, ,41233,513013,-7.5271,54.38521,3012148102.39823,413259.833234976,cf8ab19b-e962-499e-b933-535ec740742e
160,N09000007,Lisburn and Castlereagh, ,138712,518920,-6.03545,54.49753,510440819.534676,162982.024592254,1e7011bd-4eb7-4e95-9190-54cc7c76b7b3
161,N09000008,Mid and East Antrim, ,133943,560151,-6.14646,54.86462,1061381642.07886,227352.623435891,af8e1f35-cd3b-49f4-b75e-dc7beed37c5e
162,N09000009,Mid Ulster, ,83920,528564,-6.88891,54.55274,1957254315.35462,310985.394814447,bcef6744-8e21-43da-a4df-75f5f81ea993
163,N09000010,"Newry, Mourne and Down", ,133006,480432,-6.08891,54.14954,1682433495.40289,361009.178675392,f76ccb10-2723-4dcf-b365-c323f59fdff6
164,N09000011,Ards and North Down, ,164321,524944,-5.64569,54.5641,566543920.568336,180045.807619526,ca847683-0cd6-4c6e-9949-202561d35068
165,S12000005,Clackmannanshire, ,291178,696402,-3.75317,56.14785,159192639.379425,94572.3950711036,336a6c5e-9b1a-42c4-b051-3d6d44004c4c
166,S12000006,Dumfries and Galloway, ,270645,579856,-4.02863,55.09621,6436446466.39931,1116084.1168257,710aa1ba-3ea3-48d7-8790-07f41b15657c
167,S12000008,East Ayrshire, ,255398,624935,-4.29057,55.49674,1270359079.92027,331006.280237148,e1773d32-60c9-4101-978b-b0e36619e8c0
168,S12000010,East Lothian, ,354854,672351,-2.72435,55.94207,679283884.86438,192993.484738385,bbd9f340-5a7e-4899-bdca-ab5750e51eb1
169,S12000011,East Renfrewshire, ,251930,653115,-4.36058,55.74869,174254113.913055,91844.7649111616,ef33d5ca-d3dd-4530-a97e-19aa530b8f25
170,S12000013,Na h-Eileanan Siar, ,126473,932862,-6.65722,58.19939,3093192711.9629,3414583.36700268,5c4e4c49-5c2c-4748-9783-52bcfb90b023
171,S12000014,Falkirk, ,285585,680170,-3.83619,56.00078,297083846.167023,164262.776018617,4f2e978e-8f23-4d49-92e0-7c7e37d3adb1
172,S12000017,Highland, ,241018,858292,-4.66104,57.58657,26157225370.905,4781584.45642406,ac47a15a-62f4-4a52-bdf2-510d84ede310
173,S12000018,Inverclyde, ,227922,670894,-4.75387,55.90031,161913594.14328,75801.194592955,70ed465d-19d6-4f79-adb1-cf7a5de3735c
174,S12000019,Midlothian, ,330088,659217,-3.11738,55.82112,355263906.046692,124134.869363346,1d504e2f-07ce-42d6-9b52-dd62024a5eb5
175,S12000020,Moray, ,328015,843590,-3.20203,57.47681,2237734255.85667,446883.880406736,2ebb254b-21db-494d-a214-8e0ed7c8972d
176,S12000021,North Ayrshire, ,228996,651640,-4.7246,55.72789,885402166.458313,330831.788375927,1b8f355c-1944-4ec3-bb97-7848bced60ff
177,S12000023,Orkney Islands, ,348293,1006584,-2.90025,58.94334,1015476512.94534,1093701.67602124,22404de3-d9b6-4b2d-80bb-de4c131655b2
178,S12000026,Scottish Borders, ,345889,626137,-2.85869,55.52596,4739234481.31186,499885.02754306,c4a52c82-94cb-4dbd-a5f3-e195985e6d0f
179,S12000027,Shetland Islands, ,434516,1180307,-1.37344,60.50495,1467216920.38379,2046969.1196783,62146034-83f8-45f1-9193-6a2f8af9bba9
180,S12000028,South Ayrshire, ,226545,596271,-4.729,55.23009,1224359657.03532,317924.297005555,9145b7c0-744a-4ec0-a2cd-c630a44b52b7
181,S12000029,South Lanarkshire, ,284634,636071,-3.83272,55.60453,1773918783.18549,280215.800567299,32da0efc-1dbd-426f-8fb9-0d88dc92d1e8
182,S12000030,Stirling, ,255980,708769,-4.32596,56.24953,2252649143.24791,367135.9468406,6e2f7861-3b6b-454f-8bea-9c408406ba5e
183,S12000033,Aberdeen City, ,387763,808479,-2.20398,57.16698,185563862.370422,118739.353377488,448dee42-6714-481f-bb02-5da9be3cd518
184,S12000034,Aberdeenshire, ,352284,816277,-2.79209,57.2347,6317974846.44896,750252.435497107,deccb4a8-0cfd-4794-97af-fa8d97f43eba
185,S12000035,Argyll and Bute, ,200740,715443,-5.22115,56.28945,7004198261.53409,3448034.40855768,3ba51d2b-9d99-4f89-9243-0e2874feda52
186,S12000036,City of Edinburgh, ,320193,669417,-3.27827,55.9112,263373659.327209,107794.43808543,f42a32ac-8a4e-46c0-ab13-f5f880cd82cb
187,S12000038,Renfrewshire, ,239305,664698,-4.56834,55.84863,261461091.543015,127619.180916931,9c744d8a-7021-4ecd-b759-aaae79e9180c
188,S12000039,West Dunbartonshire, ,242904,681586,-4.52075,56.0014,177289124.374893,100609.645764879,04a0f4ef-e268-4746-a52f-f2643581187c
189,S12000040,West Lothian, ,299483,668514,-3.6091,55.89921,428821309.024002,131921.749623926,64bd4c82-18f2-4b04-837a-471af0066725
190,S12000041,Angus, ,345506,759636,-2.8921,56.72518,2185038580.72984,318894.427266213,1ec4df9c-6cbc-4f6d-80d5-539e4e4f2970
191,S12000042,Dundee City, ,340291,732145,-2.97095,56.47761,59818831.1080933,47089.5112952281,ccbe3f1f-535e-4fbc-beae-32a9e5193701
192,S12000045,East Dunbartonshire, ,261240,676154,-4.22418,55.95829,174482176.049149,97660.9068082807,8cea59c1-f4c2-41ef-8161-af4702fe41f8
193,S12000047,Fife, ,339187,704720,-2.98251,56.23112,1325376094.64203,339405.291495387,01392f01-eada-4c5f-905f-6514f7ffe7cb
194,S12000048,Perth and Kinross, ,284302,744185,-3.88484,56.57528,5383661960.58092,623874.654660429,8419575e-c0aa-48b7-b86c-f6076dc45ad8
195,S12000049,Glasgow City, ,261534,667033,-4.2148,55.87649,174633553.401108,132818.037999465,fc80f9c7-b298-4897-a45b-af1f19650cb8
196,S12000050,North Lanarkshire, ,277984,665608,-3.9514,55.86814,472358039.31015,160577.303271583,edbffd56-a8aa-41d2-8526-520facbfa548
197,W06000001,Isle of Anglesey,Ynys Môn,245217,378331,-4.32298,53.27931,715135830.9161,338435.157552941,a8eb4955-92b1-4b1a-9c6e-b1c3f433de96
198,W06000002,Gwynedd,Gwynedd,280555,334966,-3.77716,52.89884,2548672445.08634,602232.82782258,86467ad4-e395-428a-8431-f9d0a6e5fb34
199,W06000003,Conwy,Conwy,283293,362563,-3.74646,53.1474,1130295413.92069,275728.513979561,f5b4205a-76dc-4ed8-8e3c-8f43a2105fea
200,W06000004,Denbighshire,Sir Ddinbych,309843,355416,-3.34761,53.08833,838723875.085434,224445.457730223,6bf86e10-c8aa-4f16-92ce-5586e432e04c
201,W06000005,Flintshire,Sir y Fflint,321134,369280,-3.18248,53.21472,439758207.34491,229878.261755492,f14b8035-98ae-4082-9ad9-84b1e924d613
202,W06000006,Wrexham,Wrecsam,333523,345387,-2.99203,53.00167,503686206.226234,184224.294824895,7d870276-e96c-4da9-b8bf-4913e1c623f4
203,W06000008,Ceredigion,Ceredigion,267127,268437,-3.94993,52.29795,1788287166.25208,362022.83993325,9a44e48f-e4fd-4e10-94bd-fe5051d02fa9
204,W06000009,Pembrokeshire,Sir Benfro,199821,221392,-4.90818,51.85514,1618010098.76192,666583.598507131,9676220d-d807-4029-92c1-bd6a5fb07ed9
205,W06000010,Carmarthenshire,Sir Gaerfyrddin,247955,224133,-4.21109,51.89496,2371021148.16679,561193.658983102,5289b12c-68a0-4203-a639-6914b3c8ec34
206,W06000011,Swansea,Abertawe,264022,197308,-3.96723,51.65807,377549638.07077,253619.184361966,a93dfafa-3d42-47d3-aede-fbd410106547
207,W06000012,Neath Port Talbot,Castell-nedd Port Talbot,279261,195412,-3.74638,51.64451,442243739.526867,176819.584885872,60fdc9e9-9f06-4247-b781-5518d8f8fe27
208,W06000013,Bridgend,Pen-y-bont ar Ogwr,288231,185870,-3.61376,51.5606,250834484.838947,87991.347500972,2b8fb6ea-3e47-4870-b348-47cb5f9afc80
209,W06000014,Vale of Glamorgan,Bro Morgannwg,302947,173080,-3.39802,51.44836,331278240.583885,104653.46691091,be0d5e2d-93b4-48e8-b077-e5ab86241123
210,W06000015,Cardiff,Caerdydd,315272,178887,-3.22209,51.50254,142359806.495419,76718.809600611,47269c99-d15f-46e9-bd5a-bec500e37fd7
211,W06000016,Rhondda Cynon Taf,Rhondda Cynon Taf,302237,192395,-3.4136,51.62186,424139877.570686,127101.985279226,c7be65c3-7c4a-4c58-88ef-2b0ffd901b4b
212,W06000018,Caerphilly,Caerffili,317245,195259,-3.19754,51.65001,277356838.726212,113808.336057162,5455e826-a051-4d50-a1d2-09465b4300cb
213,W06000019,Blaenau Gwent,Blaenau Gwent,318236,206771,-3.18592,51.75364,108725214.78302,64667.0803444398,2117611d-f59d-4205-ad29-9e3b1dbede51
214,W06000020,Torfaen,Torfaen,327459,200480,-3.05102,51.69836,126229821.890579,79015.7811609311,43b12057-3b9d-4ced-908f-69350457b5ed
215,W06000021,Monmouthshire,Sir Fynwy,337812,209231,-2.90281,51.77828,850327887.66251,218857.091859959,86120e65-93d5-472b-ac07-2234a51866ec
216,W06000022,Newport,Casnewydd,337897,187432,-2.89769,51.58231,190436715.75312,148341.372843349,4d78761b-6b9f-4dd6-b5a3-4993b6f424de
217,W06000023,Powys,Powys,302329,273254,-3.43532,52.34864,5195384079.50846,590281.670610167,144226b3-5541-4407-bd18-27a13860af5e
218,W06000024,Merthyr Tydfil,Merthyr Tudful,305916,206404,-3.36425,51.74841,111925090.776802,65349.5056024752,85834b82-63a9-4cb5-a4f3-99c77a6a7a2c
