Upper Tier Local Authority,Code,2015/16 government spend,2016/17 government spend,2017/18 government spend,2018/19 government spend,2019/20 government spend,2020/21 government spend,2015/16 local levy funding,2016/17 local levy funding,2017/18 local levy funding,2018/19 local levy funding,2019/20 local levy funding,2020/21 local levy funding,2015/16 total capital spend,2016/17 total capital spend,2017/18 total capital spend,2018/19 total capital spend,2019/20 total capital spend,2020/21 total capital spend
Barnsley Metropolitan Borough Council,E08000016,Ł22,"Ł7,000","Ł316,993","Ł24,378","Ł25,000","Ł9,545","Ł25,000",Ł0,Ł0,Ł0,Ł0,Ł0,"Ł25,022","Ł7,000","Ł316,993","Ł24,378","Ł25,000","Ł9,545"
Bath and North East Somerset Council,E06000022,"Ł651,668","Ł6,467","Ł196,239","Ł763,495","Ł1,500,000","Ł1,000,000","Ł570,119","Ł3,095","Ł28,723",Ł0,Ł0,Ł0,"Ł1,221,787","Ł9,562","Ł224,962","Ł763,495","Ł1,500,000","Ł1,000,000"
Bedford Borough Council,E06000055,"Ł197,187","Ł2,195","Ł53,998","Ł21,056",Ł0,Ł0,"Ł10,136",Ł218,"Ł51,000",Ł0,"Ł50,000",Ł0,"Ł207,322","Ł2,412","Ł104,998","Ł21,056","Ł50,000",Ł0
Birmingham City Council,E08000025,"Ł4,653,974","Ł5,872,494","Ł4,761,953","Ł14,133,782","Ł11,825,941","Ł11,626,004","Ł30,063","Ł221,089","Ł2,202,660","Ł190,905","Ł600,000",Ł0,"Ł4,684,037","Ł6,093,583","Ł6,964,613","Ł14,324,688","Ł12,425,941","Ł11,626,004"
Blackburn with Darwen Borough Council,E06000008,"Ł3,186,576","Ł3,007,660","Ł1,152,677","Ł480,239","Ł782,500","Ł662,000","Ł200,000",Ł0,Ł0,Ł0,Ł0,Ł0,"Ł3,386,576","Ł3,007,660","Ł1,152,677","Ł480,239","Ł782,500","Ł662,000"
Blackpool Borough Council,E06000009,"Ł6,663,851","Ł5,152,781","-Ł1,905,000",Ł0,Ł0,Ł0,Ł0,Ł0,Ł0,Ł0,Ł0,Ł0,"Ł6,663,851","Ł5,152,781","-Ł1,905,000",Ł0,Ł0,Ł0
Bolton Metropolitan Borough Council,E08000001,Ł0,"Ł168,358","Ł278,904","Ł279,399","Ł950,000","Ł549,000",Ł0,Ł0,Ł0,Ł0,Ł0,Ł0,Ł0,"Ł168,358","Ł278,904","Ł279,399","Ł950,000","Ł549,000"
"Bournemouth, Christchurch and Poole Council",E06000058,"Ł8,303,865","Ł4,256,435","Ł3,312,318","Ł2,275,686","Ł305,000","Ł6,392,000","Ł33,336","Ł895,725",Ł0,"Ł240,000","Ł280,000","Ł421,000","Ł8,337,201","Ł5,152,160","Ł3,312,318","Ł2,515,686","Ł585,000","Ł6,813,000"
Bracknell Forest Council,E06000036,Ł0,Ł0,"Ł3,200",Ł0,Ł0,Ł0,Ł0,Ł0,Ł0,Ł0,Ł0,Ł0,Ł0,Ł0,"Ł3,200",Ł0,Ł0,Ł0
Brighton and Hove City Council,E06000043,"Ł333,231","Ł120,416",Ł0,"Ł17,000","Ł422,677","Ł456,074",Ł0,"Ł34,429","Ł83,000","Ł170,000",Ł0,Ł0,"Ł333,231","Ł154,845","Ł83,000","Ł187,000","Ł422,677","Ł456,074"
Bristol City Council,E06000023,"Ł360,732","Ł1,011,810","Ł106,244","Ł1,148,119",Ł0,"Ł360,000","Ł83,701","Ł31,335","Ł64,953","Ł482,872","Ł750,000","Ł2,378,534","Ł444,434","Ł1,043,144","Ł171,197","Ł1,630,992","Ł750,000","Ł2,738,534"
Buckinghamshire County Council,E10000002,"Ł833,563","Ł983,809","Ł703,519","Ł132,609","Ł1,156,074","Ł1,201,500","Ł85,687","Ł1,191,405","Ł3,525,135","Ł305,161","Ł270,102","Ł1,048,443","Ł919,250","Ł2,175,215","Ł4,228,654","Ł437,770","Ł1,426,176","Ł2,249,943"
Bury Metropolitan Borough Council,E08000002,"Ł74,242","Ł255,842","Ł1,112,363","Ł393,583","Ł7,200,000","Ł14,026,000",Ł0,Ł0,Ł0,"Ł801,730",Ł0,"Ł2,200,000","Ł74,242","Ł255,842","Ł1,112,363","Ł1,195,313","Ł7,200,000","Ł16,226,000"
Calderdale Metropolitan Borough Council,E08000033,"Ł2,266,373","Ł12,074,619","Ł7,654,751","Ł13,968,145","Ł15,145,433","Ł15,330,470","Ł496,990","Ł261,837",Ł5,"Ł400,410","Ł865,000","Ł1,400,000","Ł2,763,363","Ł12,336,456","Ł7,654,756","Ł14,368,555","Ł16,010,433","Ł16,730,470"
Cambridgeshire County Council,E10000003,"Ł2,979,003","Ł2,869,778","Ł4,118,380","Ł8,042,998","Ł10,747,000","Ł9,773,190","Ł126,187","Ł31,899","Ł4,705","Ł37,595","Ł328,290","Ł420,594","Ł3,105,191","Ł2,901,677","Ł4,123,085","Ł8,080,593","Ł11,075,290","Ł10,193,784"
Central Bedfordshire Council,E06000056,"Ł387,959","Ł97,043","Ł361,841","Ł408,468","Ł1,056,815",Ł0,Ł0,"Ł26,500","Ł40,000","Ł7,024","Ł3,024,839","Ł3,426,539","Ł387,959","Ł123,543","Ł401,841","Ł415,492","Ł4,081,654","Ł3,426,539"
Cheshire East Council,E06000049,"Ł49,997","Ł137,000",Ł0,Ł0,"Ł200,000",Ł0,Ł0,Ł0,Ł0,Ł0,Ł0,Ł0,"Ł49,997","Ł137,000",Ł0,Ł0,"Ł200,000",Ł0
Cheshire West and Chester Council,E06000050,"Ł4,109,977","Ł415,841","Ł228,040","Ł103,017","Ł50,000","Ł50,000",Ł0,"Ł500,043",Ł0,Ł0,Ł0,Ł0,"Ł4,109,977","Ł915,885","Ł228,040","Ł103,017","Ł50,000","Ł50,000"
City of Bradford Metropolitan District Council,E08000032,"Ł1,388","Ł16,653","Ł19,102","Ł67,087","Ł75,000","Ł100,000",Ł0,"Ł182,783","Ł56,662","Ł248,599","Ł215,000","Ł60,000","Ł1,388","Ł199,436","Ł75,764","Ł315,686","Ł290,000","Ł160,000"
City of Wolverhampton Council,E08000031,Ł0,Ł0,Ł0,Ł0,"Ł97,000","Ł97,000",Ł0,Ł0,Ł0,Ł0,Ł0,Ł0,Ł0,Ł0,Ł0,Ł0,"Ł97,000","Ł97,000"
City of York Council,E06000014,"Ł1,336,298","Ł10,302,115","Ł11,324,557","Ł13,219,002","Ł22,060,584","Ł22,623,000",Ł0,Ł0,Ł0,Ł0,Ł0,Ł0,"Ł1,336,298","Ł10,302,115","Ł11,324,557","Ł13,219,002","Ł22,060,584","Ł22,623,000"
Cornwall Council,E06000052,"Ł3,056,348","Ł4,188,566","Ł4,695,853","Ł7,569,453","Ł11,106,473","Ł11,192,378","Ł341,784","-Ł2,413","Ł74,748","Ł156,249","Ł330,640","Ł737,190","Ł3,398,131","Ł4,186,153","Ł4,770,601","Ł7,725,701","Ł11,437,113","Ł11,929,568"
Council of the Isles of Scilly,E06000053,Ł0,"Ł75,000",Ł0,Ł0,"Ł100,000","Ł240,000",Ł0,Ł0,Ł0,Ł0,Ł0,Ł0,Ł0,"Ł75,000",Ł0,Ł0,"Ł100,000","Ł240,000"
Coventry City Council,E08000026,Ł0,Ł0,"Ł6,786","Ł144,673","Ł368,046","Ł297,905",Ł0,Ł0,"Ł10,713","Ł126,470","Ł529,087","Ł458,309",Ł0,Ł0,"Ł17,499","Ł271,144","Ł897,133","Ł756,214"
Cumbria County Council,E10000006,"Ł4,025,521","Ł15,583,789","Ł9,948,667","Ł9,886,632","Ł34,395,600","Ł29,914,356","Ł106,250","Ł959,598","Ł618,800","Ł801,064","Ł3,034,000","Ł2,310,000","Ł4,131,771","Ł16,543,387","Ł10,567,467","Ł10,687,697","Ł37,429,600","Ł32,224,356"
Darlington Borough Council,E06000005,"Ł7,832","Ł8,891","Ł5,622","Ł95,184",Ł0,"Ł16,000","Ł11,279",Ł701,"Ł21,797",Ł0,Ł0,"Ł32,000","Ł19,111","Ł9,592","Ł27,419","Ł95,184",Ł0,"Ł48,000"
Derby City Council,E06000015,"Ł1,837,101","Ł7,001,952","Ł6,142,971","Ł978,004","Ł401,696","Ł346,850","Ł80,579","Ł250,000",Ł0,Ł0,Ł0,"Ł260,150","Ł1,917,680","Ł7,251,952","Ł6,142,971","Ł978,004","Ł401,696","Ł607,000"
Derbyshire County Council,E10000007,"Ł1,313,820","Ł501,708","Ł550,227","Ł783,923","Ł698,000","Ł627,500","Ł99,548","Ł150,000","Ł55,000","Ł64,825","Ł56,000","Ł40,000","Ł1,413,368","Ł651,708","Ł605,227","Ł848,748","Ł754,000","Ł667,500"
Devon County Council,E10000008,"Ł5,437,403","Ł20,857,998","Ł20,969,362","Ł18,260,843","Ł12,288,760","Ł8,064,476","Ł49,844","Ł275,328","Ł152,350","Ł172,643","Ł298,000","Ł395,000","Ł5,487,247","Ł21,133,326","Ł21,121,712","Ł18,433,486","Ł12,586,760","Ł8,459,476"
Doncaster Metropolitan Borough Council,E08000017,"Ł1,610,978","Ł538,600","Ł739,850","Ł2,601,336","Ł3,685,272","Ł213,154",Ł0,"Ł87,000",Ł0,"Ł78,678","Ł30,000","Ł40,392","Ł1,610,978","Ł625,600","Ł739,850","Ł2,680,013","Ł3,715,272","Ł253,546"
Dorset Council,E06000059,"Ł767,731","Ł974,044","Ł1,307,017","Ł2,069,253","Ł5,998,500","Ł1,505,500","Ł228,330","Ł211,379","Ł144,216","Ł413,713","Ł2,535,500","Ł148,125","Ł996,061","Ł1,185,423","Ł1,451,233","Ł2,482,966","Ł8,534,000","Ł1,653,625"
Dudley Metropolitan Borough Council,E08000027,"Ł1,391,584","Ł495,636",Ł0,"Ł50,000",Ł0,"Ł300,000",Ł0,Ł0,Ł0,Ł0,Ł0,Ł0,"Ł1,391,584","Ł495,636",Ł0,"Ł50,000",Ł0,"Ł300,000"
Durham County Council,E06000047,"Ł1,382,128","Ł1,069,472","Ł564,252","Ł1,377,046","Ł1,923,353","Ł1,121,630","Ł259,899","Ł226,343","Ł5,133","Ł394,640","Ł484,582","Ł423,000","Ł1,642,027","Ł1,295,815","Ł569,386","Ł1,771,686","Ł2,407,935","Ł1,544,630"
East Riding of Yorkshire Council,E06000011,"Ł15,547,108","Ł20,873,507","Ł5,712,759","Ł17,183,668","Ł11,228,570","Ł14,805,272","Ł72,832","Ł105,799","Ł349,074","Ł16,000","Ł285,000","Ł85,000","Ł15,619,940","Ł20,979,306","Ł6,061,833","Ł17,199,668","Ł11,513,570","Ł14,890,272"
East Sussex County Council,E10000011,"Ł18,286,407","Ł6,895,250","Ł13,262,320","Ł7,675,462","Ł9,327,249","Ł7,040,733",Ł582,Ł0,"Ł200,068","Ł20,000","Ł35,000","Ł65,000","Ł18,286,990","Ł6,895,250","Ł13,462,388","Ł7,695,462","Ł9,362,249","Ł7,105,733"
Essex County Council,E10000012,"Ł18,194,859","Ł4,182,521","Ł4,471,482","Ł5,356,395","Ł7,456,712","Ł11,851,016","Ł558,265","Ł1,089,783","Ł1,111,108","Ł1,197,780","Ł5,668,173","Ł2,100,081","Ł18,753,123","Ł5,272,304","Ł5,582,590","Ł6,554,175","Ł13,124,885","Ł13,951,097"
Gateshead Metropolitan Borough Council,E08000037,"Ł267,061","Ł221,771","Ł131,023","Ł416,962","Ł217,000","Ł288,854","Ł28,284","Ł21,584","Ł34,100","Ł32,639","Ł285,938","Ł96,000","Ł295,345","Ł243,355","Ł165,123","Ł449,602","Ł502,938","Ł384,854"
Gloucestershire County Council,E10000013,"Ł525,231","Ł3,794,761","Ł1,782,581","Ł536,223","Ł455,000","Ł754,340","Ł66,182","Ł144,969","Ł394,977","Ł168,061","Ł473,900","Ł1,668,964","Ł591,413","Ł3,939,730","Ł2,177,559","Ł704,284","Ł928,900","Ł2,423,304"
Greater London Authority,E12000007,"Ł15,676,373","Ł24,181,061","Ł28,462,233","Ł26,271,422","Ł39,683,359","Ł21,046,889","Ł1,239,444","Ł671,013","Ł1,200,722","Ł1,706,863","Ł4,853,954","Ł5,422,488","Ł16,915,817","Ł24,852,073","Ł29,662,955","Ł27,978,284","Ł44,537,313","Ł26,469,377"
Halton Borough Council,E06000006,"-Ł71,677",Ł0,Ł0,Ł0,Ł0,"Ł239,000","-Ł39,850",Ł0,Ł0,Ł0,Ł0,Ł0,"-Ł111,527",Ł0,Ł0,Ł0,Ł0,"Ł239,000"
Hampshire County Council,E10000014,"Ł1,965,965","Ł1,860,778","Ł2,678,147","Ł2,730,906","Ł3,565,337","Ł2,211,705","Ł101,257","Ł217,202","Ł190,821","Ł2,213,627","Ł1,963,420","Ł1,568,766","Ł2,067,222","Ł2,077,980","Ł2,868,968","Ł4,944,534","Ł5,528,757","Ł3,780,471"
Hartlepool Borough Council,E06000001,"Ł2,534,991","Ł664,896","Ł312,768","Ł940,882","Ł86,000","Ł40,000","Ł245,250","Ł30,000",Ł0,"Ł65,537","Ł52,768",Ł0,"Ł2,780,241","Ł694,896","Ł312,768","Ł1,006,419","Ł138,768","Ł40,000"
Herefordshire Council,E10000015,"Ł115,634","Ł157,156","Ł142,632","Ł561,449","Ł341,300","Ł266,000","Ł5,200",Ł0,"Ł296,844","Ł206,951","Ł50,000","Ł70,000","Ł120,834","Ł157,156","Ł439,476","Ł768,400","Ł391,300","Ł336,000"
Hertfordshire County Council,E06000019,"Ł277,432","Ł542,213","Ł374,438","Ł1,673,296","Ł44,000",Ł0,"Ł76,456","Ł9,078","Ł1,279,758","Ł364,197","Ł2,581,840","Ł1,571,820","Ł353,888","Ł551,291","Ł1,654,197","Ł2,037,494","Ł2,625,840","Ł1,571,820"
Hull City Council,E06000010,"Ł232,642","Ł4,068,791","Ł12,150,493","Ł13,922,851","Ł26,861,807","Ł28,704,908",Ł0,Ł0,Ł0,"Ł1,238,664","Ł750,000",Ł0,"Ł232,642","Ł4,068,791","Ł12,150,493","Ł15,161,515","Ł27,611,807","Ł28,704,908"
Isle of Wight Council,E06000046,"Ł172,090","Ł135,735","Ł973,904","Ł2,941,814","Ł300,000","Ł20,000",Ł0,"Ł30,000","Ł642,394",Ł0,Ł0,Ł0,"Ł172,090","Ł165,735","Ł1,616,297","Ł2,941,814","Ł300,000","Ł20,000"
Kent County Council,E10000016,"Ł10,132,608","Ł11,848,925","Ł13,954,518","Ł12,832,925","Ł8,503,070","Ł32,269,383","Ł293,729","Ł909,540","Ł403,013","Ł280,161","Ł456,000",Ł0,"Ł10,426,338","Ł12,758,465","Ł14,357,531","Ł13,113,085","Ł8,959,070","Ł32,269,383"
Kirklees Council,E08000034,"Ł282,496","Ł294,249","Ł253,104","Ł397,118","Ł195,000","Ł794,146",Ł0,Ł0,"Ł31,352","Ł41,437","Ł20,000","Ł40,000","Ł282,496","Ł294,249","Ł284,456","Ł438,555","Ł215,000","Ł834,146"
Knowsley Metropolitan Borough Council,E08000011,Ł0,Ł0,"Ł30,000","Ł122,000",Ł0,Ł0,Ł0,Ł0,Ł0,Ł0,Ł0,Ł0,Ł0,Ł0,"Ł30,000","Ł122,000",Ł0,Ł0
Lancashire County Council,E10000017,"Ł21,762,499","Ł28,154,770","Ł19,491,531","Ł21,155,316","Ł10,523,170","Ł6,366,000","Ł198,580","Ł571,903","Ł396,958","Ł1,045,422","Ł250,000","Ł1,255,000","Ł21,961,079","Ł28,726,673","Ł19,888,490","Ł22,200,738","Ł10,773,170","Ł7,621,000"
Leeds City Council,E08000035,"Ł8,809,453","Ł9,889,284","Ł5,345,408","Ł3,074,895","Ł11,126,750","Ł10,541,756","Ł35,000","Ł70,000","Ł67,000","Ł193,000","Ł200,000","Ł835,000","Ł8,844,453","Ł9,959,284","Ł5,412,408","Ł3,267,895","Ł11,326,750","Ł11,376,756"
Leicester City Council,E06000016,"Ł1,878,849","Ł2,292,850","Ł2,088,651","Ł2,301,433","Ł1,114,147","Ł610,473",Ł0,Ł0,"Ł9,723","Ł54,155","Ł44,310","Ł33,500","Ł1,878,849","Ł2,292,850","Ł2,098,374","Ł2,355,589","Ł1,158,457","Ł643,973"
Leicestershire County Council,E10000018,"Ł260,158","Ł239,905","Ł186,694","Ł62,291","Ł60,000","Ł165,000","Ł45,172","Ł23,000","Ł30,030",Ł0,Ł0,"Ł268,196","Ł305,330","Ł262,905","Ł216,724","Ł62,291","Ł60,000","Ł433,196"
Lincolnshire County Council,E10000019,"Ł15,135,185","Ł16,537,021","Ł20,514,087","Ł45,158,370","Ł55,329,797","Ł45,397,400","Ł276,545","Ł338,887","Ł12,000","Ł53,000","Ł1,035,000","Ł1,417,000","Ł15,411,730","Ł16,875,907","Ł20,526,087","Ł45,211,370","Ł56,364,797","Ł46,814,400"
Liverpool City Council,E08000012,Ł0,Ł0,"Ł20,000","Ł35,000",Ł0,"Ł330,000","Ł30,000",Ł0,Ł0,Ł0,Ł0,Ł0,"Ł30,000",Ł0,"Ł20,000","Ł35,000",Ł0,"Ł330,000"
Luton Borough Council,E06000032,Ł0,Ł0,"Ł15,000","Ł259,000",Ł0,"Ł1,457,706","Ł35,000",Ł0,"Ł20,000","Ł220,849","Ł507,000","Ł1,177,525","Ł35,000",Ł0,"Ł35,000","Ł479,849","Ł507,000","Ł2,635,231"
Manchester City Council,E08000003,Ł0,Ł0,"Ł66,284","Ł1,406,303","Ł600,000",Ł0,"Ł70,000",Ł0,Ł0,Ł0,Ł0,Ł0,"Ł70,000",Ł0,"Ł66,284","Ł1,406,303","Ł600,000",Ł0
Medway Council,E06000035,"Ł1,061,281","Ł1,101,205","Ł999,016","Ł2,029,234","Ł897,475","Ł2,026,598",Ł0,Ł0,Ł0,Ł0,Ł0,Ł0,"Ł1,061,281","Ł1,101,205","Ł999,016","Ł2,029,234","Ł897,475","Ł2,026,598"
Middlesbrough Borough Council,E06000002,"Ł10,953","Ł84,576","Ł98,343","Ł768,386","Ł653,641","Ł4,376,420",Ł0,Ł0,Ł0,Ł0,"Ł16,000","Ł620,000","Ł10,953","Ł84,576","Ł98,343","Ł768,386","Ł669,641","Ł4,996,420"
Milton Keynes Council,E06000042,Ł0,Ł0,"Ł87,446","Ł62,364","Ł145,000",Ł0,Ł0,Ł0,Ł0,"Ł38,384","Ł162,000","Ł238,000",Ł0,Ł0,"Ł87,446","Ł100,748","Ł307,000","Ł238,000"
National/X-boundary/small/unknown,No Location,"Ł82,875,931","Ł102,669,320","Ł93,002,186","Ł82,535,513","Ł16,087,122","Ł16,666,748","Ł3,048,781","Ł2,956,081","Ł3,399,976","Ł3,398,530","Ł1,544,000","Ł1,169,455","Ł85,924,712","Ł105,625,401","Ł96,402,162","Ł85,934,043","Ł17,631,122","Ł17,836,203"
Newcastle City Council,E08000021,"Ł522,747","Ł1,351,485","Ł308,893","Ł478,968","Ł293,453","Ł89,982","-Ł107,218","Ł206,025","Ł95,580","Ł52,533","Ł196,656","Ł339,246","Ł415,529","Ł1,557,510","Ł404,474","Ł531,500","Ł490,109","Ł429,228"
Norfolk County Council,E10000020,"Ł18,547,549","Ł10,539,110","Ł3,602,473","Ł8,224,803","Ł24,187,019","Ł27,076,423","Ł211,619","Ł1,037,486","Ł548,715","Ł1,221,708","Ł2,370,237","Ł3,782,230","Ł18,759,168","Ł11,576,596","Ł4,151,188","Ł9,446,511","Ł26,557,256","Ł30,858,653"
North East Lincolnshire Council,E06000012,"Ł182,110","Ł2,906,341","Ł1,979,339","Ł45,512","Ł875,700","Ł600,000",Ł0,"Ł241,000",Ł0,Ł0,Ł0,Ł0,"Ł182,110","Ł3,147,341","Ł1,979,339","Ł45,512","Ł875,700","Ł600,000"
North Lincolnshire Council,E06000013,"Ł2,450,461","Ł2,573,323","Ł1,178,194","Ł3,790,425","Ł17,758,259","Ł11,873,423","Ł703,204","Ł119,991","Ł39,127","Ł81,193",Ł0,"Ł1,500,000","Ł3,153,666","Ł2,693,313","Ł1,217,320","Ł3,871,617","Ł17,758,259","Ł13,373,423"
North Somerset Council,E06000024,"Ł3,063,397","Ł932,865","Ł447,763","Ł3,728,366","Ł1,130,000","Ł1,086,800","Ł40,000","Ł67,761","Ł65,000","Ł400,000","Ł45,000","Ł45,000","Ł3,103,397","Ł1,000,625","Ł512,763","Ł4,128,366","Ł1,175,000","Ł1,131,800"
North Tyneside Council,E08000022,"Ł1,852,212","Ł2,143,008","Ł2,224,912","Ł893,241","Ł159,000","Ł138,000","Ł160,000",Ł0,"Ł343,000",Ł0,"Ł16,000","Ł65,000","Ł2,012,212","Ł2,143,008","Ł2,567,912","Ł893,241","Ł175,000","Ł203,000"
North Yorkshire County Council,E10000023,"Ł11,199,231","Ł7,982,312","Ł8,911,754","Ł10,907,606","Ł4,605,874","Ł6,194,875","Ł89,309","Ł1,163,806","Ł1,136,340","Ł41,623","Ł1,405,000","Ł1,669,000","Ł11,288,540","Ł9,146,118","Ł10,048,094","Ł10,949,230","Ł6,010,874","Ł7,863,875"
Northamptonshire County Council,E10000021,"Ł253,495","Ł1,437,003","Ł1,655,526","Ł3,524,927","Ł363,000","Ł151,100","Ł7,253","Ł86,626","Ł55,000","Ł34,163","Ł223,580","Ł235,290","Ł260,748","Ł1,523,629","Ł1,710,526","Ł3,559,090","Ł586,580","Ł386,390"
Northumberland County Council,E06000057,"Ł2,003,244","Ł4,114,163","Ł1,642,331","Ł1,900,371","Ł4,826,067","Ł3,508,550","Ł168,692","Ł666,278","Ł245,934","Ł661,577","Ł597,446","Ł1,500,183","Ł2,171,936","Ł4,780,442","Ł1,888,265","Ł2,561,948","Ł5,423,513","Ł5,008,733"
Nottingham City Council,E06000018,"Ł444,190","Ł511,866","Ł331,529","Ł678,088","Ł2,980,000","Ł78,177","Ł39,175",Ł0,"Ł49,000","Ł64,000","Ł540,000","Ł110,000","Ł483,366","Ł511,866","Ł380,529","Ł742,088","Ł3,520,000","Ł188,177"
Nottinghamshire County Council,E10000024,"Ł876,516","Ł350,794","Ł473,874","Ł445,094","Ł1,778,250","Ł2,088,000","Ł193,986","Ł216,596","Ł428,467","Ł433,016","Ł677,000","Ł641,000","Ł1,070,503","Ł567,390","Ł902,341","Ł878,110","Ł2,455,250","Ł2,729,000"
Oldham Metropolitan Borough Council,E08000004,"Ł32,918","Ł734,794","Ł165,931","Ł1,370,675","Ł79,250","Ł150,000",Ł0,Ł0,"Ł134,724","Ł30,000",Ł0,Ł0,"Ł32,918","Ł734,794","Ł300,655","Ł1,400,675","Ł79,250","Ł150,000"
Oxfordshire County Council,E10000025,"Ł4,307,953","Ł3,223,467","Ł5,225,982","Ł869,264","Ł5,045,000","Ł3,765,000","Ł186,108","Ł805,407","Ł2,124,361","Ł2,027,112","Ł2,560,000","Ł2,020,000","Ł4,494,060","Ł4,028,874","Ł7,350,343","Ł2,896,376","Ł7,605,000","Ł5,785,000"
Peterborough City Council,E06000031,"Ł5,487,076","Ł871,290","Ł166,638","Ł117,375",Ł0,Ł0,Ł0,"Ł30,590","Ł96,913","Ł12,771",Ł0,Ł0,"Ł5,487,076","Ł901,881","Ł263,550","Ł130,146",Ł0,Ł0
Plymouth City Council,E06000026,"Ł179,135","Ł118,311","Ł110,901","Ł233,925",Ł0,"Ł301,000","Ł92,000",Ł0,"Ł89,997","Ł276,000",Ł0,"Ł204,000","Ł271,135","Ł118,311","Ł200,899","Ł509,925",Ł0,"Ł505,000"
Portsmouth City Council,E06000044,"Ł7,498,811","Ł4,877,150","Ł9,763,938","Ł11,437,114","Ł11,105,700","Ł14,378,084",Ł0,Ł0,Ł0,Ł0,Ł0,Ł0,"Ł7,498,811","Ł4,877,150","Ł9,763,938","Ł11,437,114","Ł11,105,700","Ł14,378,084"
Reading Borough Council,E06000038,"Ł7,000","Ł36,773","Ł317,324","Ł204,191","Ł145,368","Ł498,830",Ł0,"Ł33,000",Ł0,"Ł1,220,728","Ł1,564,632","Ł600,000","Ł7,000","Ł69,773","Ł317,324","Ł1,424,919","Ł1,710,000","Ł1,098,830"
Redcar and Cleveland Borough Council,E06000003,"Ł2,066,892","Ł340,252","Ł175,070","Ł434,990","Ł373,293","Ł133,000","Ł122,782","Ł53,000","Ł31,500","Ł66,000","Ł518,500","Ł383,940","Ł2,189,674","Ł393,252","Ł206,570","Ł500,990","Ł891,793","Ł516,940"
Rochdale Metropolitan Borough Council,E08000005,"Ł386,632","Ł1,056,014","Ł457,623","Ł1,182,532","Ł2,000,000","Ł4,200,000",Ł0,"Ł115,000","Ł47,500","Ł847,419",Ł0,Ł0,"Ł386,632","Ł1,171,014","Ł505,123","Ł2,029,952","Ł2,000,000","Ł4,200,000"
Rotherham Metropolitan Borough Council,E08000018,"Ł214,429","Ł232,286","Ł275,675","Ł375,576","Ł635,000","Ł1,100,236",Ł0,"Ł10,000","Ł20,000","Ł240,000","Ł200,000","Ł270,000","Ł214,429","Ł242,286","Ł295,675","Ł615,576","Ł835,000","Ł1,370,236"
Royal Borough of Windsor and Maidenhead,E06000040,"Ł1,720,767","Ł2,864,860","Ł1,139,366","Ł1,407,739",Ł0,"Ł270,000",Ł56,Ł0,"Ł34,665","Ł10,405",Ł0,Ł0,"Ł1,720,823","Ł2,864,860","Ł1,174,031","Ł1,418,144",Ł0,"Ł270,000"
Salford City Council,E08000006,"Ł1,258,909","Ł5,498,458","Ł772,317","Ł948,367","Ł116,000","Ł423,750",Ł0,Ł0,Ł0,Ł0,Ł0,"Ł400,000","Ł1,258,909","Ł5,498,458","Ł772,317","Ł948,367","Ł116,000","Ł823,750"
Sandwell Metropolitan Borough Council,E08000028,"Ł286,021","Ł18,203","Ł29,211","Ł39,771","Ł618,722","Ł259,406",Ł0,Ł0,Ł0,"Ł43,876","Ł77,500",Ł0,"Ł286,021","Ł18,203","Ł29,211","Ł83,647","Ł696,222","Ł259,406"
Sefton Metropolitan Borough Council,E08000014,"Ł24,547","Ł105,000","Ł40,048","Ł444,359","Ł88,000","Ł4,255,000",Ł0,Ł0,Ł0,Ł0,Ł0,Ł0,"Ł24,547","Ł105,000","Ł40,048","Ł444,359","Ł88,000","Ł4,255,000"
Sheffield City Council,E08000019,"Ł5,418,969","Ł6,896,400","Ł1,352,214","Ł261,628","Ł1,000,000","Ł5,998,599","Ł660,000",Ł0,"Ł17,568","Ł145,000","Ł350,000","Ł245,000","Ł6,078,969","Ł6,896,400","Ł1,369,782","Ł406,628","Ł1,350,000","Ł6,243,599"
Shropshire Council,E06000051,"Ł493,240","Ł1,329,679","Ł358,322","Ł490,826","Ł618,000","Ł617,000","Ł64,100","Ł989,660","Ł43,000","Ł6,835","Ł305,000","Ł85,000","Ł557,340","Ł2,319,339","Ł401,322","Ł497,662","Ł923,000","Ł702,000"
Slough Borough Council,E06000039,"Ł42,630","Ł186,510","Ł12,116","Ł13,768",Ł0,Ł0,"Ł193,263",Ł0,"Ł11,247","Ł4,552",Ł0,"Ł65,000","Ł235,893","Ł186,510","Ł23,363","Ł18,320",Ł0,"Ł65,000"
Solihull Metropolitan Borough Council,E08000029,Ł0,Ł0,Ł233,"Ł20,150","Ł50,000","Ł128,000",Ł0,Ł0,Ł0,Ł0,Ł0,"Ł122,000",Ł0,Ł0,Ł233,"Ł20,150","Ł50,000","Ł250,000"
Somerset County Council,E10000027,"Ł3,299,362","Ł2,646,204","Ł2,913,265","Ł1,716,295","Ł1,868,920","Ł1,504,250","Ł652,443","Ł2,316,172","-Ł38,259","Ł1,468,275","Ł297,000","Ł50,000","Ł3,951,805","Ł4,962,376","Ł2,875,005","Ł3,184,570","Ł2,165,920","Ł1,554,250"
South Gloucestershire Council,E06000025,"Ł475,400","Ł257,467","Ł293,925","Ł211,159","Ł400,000",Ł0,Ł0,"Ł91,217","Ł40,000","Ł4,119",Ł0,Ł0,"Ł475,400","Ł348,684","Ł333,925","Ł215,278","Ł400,000",Ł0
South Tyneside Council,E08000023,"Ł945,515","Ł675,163","Ł466,838","Ł793,738","Ł930,000","Ł324,246","Ł250,000","Ł149,000","Ł300,000","Ł413,500","Ł411,251","Ł412,645","Ł1,195,515","Ł824,163","Ł766,838","Ł1,207,238","Ł1,341,251","Ł736,891"
Southampton City Council,E06000045,"Ł124,659","Ł129,756","Ł5,592",Ł0,Ł0,"Ł500,000",Ł0,"Ł35,515","Ł91,417","Ł8,643",Ł0,Ł0,"Ł124,659","Ł165,271","Ł97,008","Ł8,643",Ł0,"Ł500,000"
Southend-on-Sea Borough Council,E06000033,"Ł768,388","Ł312,124","Ł274,227","Ł437,715","Ł325,925","Ł60,647",Ł0,Ł0,Ł0,Ł0,Ł0,"Ł27,100","Ł768,388","Ł312,124","Ł274,227","Ł437,715","Ł325,925","Ł87,747"
St Helens Council,E08000013,"Ł33,360","Ł28,264","Ł205,568","Ł39,923",Ł0,Ł0,"Ł2,452",Ł0,Ł0,Ł0,Ł0,Ł0,"Ł35,812","Ł28,264","Ł205,568","Ł39,923",Ł0,Ł0
Staffordshire County Council,E10000028,"Ł1,395,530","Ł2,064,623","Ł3,323,926","Ł3,201,187","Ł12,543,095","Ł9,041,688","Ł36,825","Ł1,875","Ł771,052","Ł449,000","Ł104,100","Ł753,400","Ł1,432,355","Ł2,066,498","Ł4,094,978","Ł3,650,187","Ł12,647,195","Ł9,795,088"
Stockport Metropolitan Borough Council,E08000007,Ł0,Ł0,"Ł387,523","Ł8,350",Ł0,Ł0,Ł0,Ł0,Ł0,Ł0,Ł0,Ł0,Ł0,Ł0,"Ł387,523","Ł8,350",Ł0,Ł0
Stockton-on-Tees Borough Council,E06000004,"Ł3,380,554","Ł2,281,115","Ł4,714,709","Ł1,685,031","Ł302,190","Ł1,040,000","Ł340,903",Ł0,"Ł78,574","Ł200,650","Ł118,836","Ł82,836","Ł3,721,457","Ł2,281,115","Ł4,793,283","Ł1,885,681","Ł421,026","Ł1,122,836"
Stoke-on-Trent City Council,E06000021,"Ł29,080","Ł33,329","Ł95,000","Ł20,000","Ł3,569,999","Ł2,683,569","Ł2,529",Ł0,"Ł97,178","Ł175,245","Ł211,822","Ł100,000","Ł31,609","Ł33,329","Ł192,178","Ł195,245","Ł3,781,821","Ł2,783,569"
Suffolk County Council,E10000029,"Ł11,079,899","Ł3,929,551","Ł5,499,308","Ł2,733,945","Ł396,100","Ł412,387","Ł166,612","Ł9,712","Ł683,550","Ł392,488","Ł2,519,377","Ł58,117","Ł11,246,511","Ł3,939,263","Ł6,182,859","Ł3,126,432","Ł2,915,477","Ł470,504"
Sunderland City Council,E08000024,"Ł96,940","Ł179,400","Ł410,000","Ł1,189,805","Ł306,000","Ł16,000","Ł162,060","Ł125,000","Ł110,000","Ł210,106","Ł116,000","Ł108,000","Ł259,000","Ł304,400","Ł520,000","Ł1,399,911","Ł422,000","Ł124,000"
Surrey County Council,E10000030,"Ł6,249,010","Ł9,318,480","Ł7,551,640","Ł7,406,628","Ł5,686,206","Ł6,659,670","Ł1,923,328","Ł849,336","Ł804,361","Ł2,840,909","Ł5,161,000","Ł5,874,000","Ł8,172,338","Ł10,167,816","Ł8,356,001","Ł10,247,537","Ł10,847,206","Ł12,533,670"
Swindon Borough Council,E06000030,"Ł2,095,214","Ł227,774","Ł248,798","Ł145,624",Ł0,"Ł125,000",Ł0,Ł0,Ł0,Ł0,Ł0,Ł0,"Ł2,095,214","Ł227,774","Ł248,798","Ł145,624",Ł0,"Ł125,000"
Tameside Metropolitan Borough Council,E08000008,Ł752,"Ł2,927","Ł242,592","Ł272,777",Ł0,Ł0,Ł0,Ł0,Ł0,"Ł350,002",Ł0,Ł0,Ł752,"Ł2,927","Ł242,592","Ł622,779",Ł0,Ł0
Telford & Wrekin Council,E06000020,Ł0,"Ł80,000",Ł0,Ł0,"Ł155,000",Ł0,"Ł45,000",Ł0,Ł0,Ł0,"Ł50,000",Ł0,"Ł45,000","Ł80,000",Ł0,Ł0,"Ł205,000",Ł0
Thurrock Council,E06000034,"Ł890,463","Ł1,534,782","Ł1,651,798","Ł3,329,679","Ł9,892,286","Ł14,390,441","Ł41,916",Ł0,"Ł46,161","Ł22,655","Ł55,212","Ł1,250,000","Ł932,379","Ł1,534,782","Ł1,697,959","Ł3,352,335","Ł9,947,498","Ł15,640,441"
Torbay Council,E06000027,"Ł646,514","Ł552,387","Ł595,203","Ł591,889","Ł844,000","Ł330,000",Ł0,Ł0,Ł0,Ł0,"Ł250,000","Ł200,000","Ł646,514","Ł552,387","Ł595,203","Ł591,889","Ł1,094,000","Ł530,000"
Trafford Metropolitan Borough Council,E08000009,Ł0,Ł0,"Ł66,694",Ł0,Ł0,Ł0,Ł0,Ł0,Ł0,Ł0,Ł0,Ł0,Ł0,Ł0,"Ł66,694",Ł0,Ł0,Ł0
Wakefield Metropolitan District Council,E08000036,"Ł22,949","Ł113,304","Ł76,228","Ł241,476",Ł0,"Ł62,500",Ł0,"Ł10,000","Ł3,500","Ł83,636",Ł0,Ł0,"Ł22,949","Ł123,304","Ł79,728","Ł325,112",Ł0,"Ł62,500"
Walsall Metropolitan Borough Council,E08000030,Ł0,"Ł2,858","Ł132,678","Ł54,620","Ł15,000",Ł0,Ł0,Ł0,Ł0,Ł0,Ł0,Ł0,Ł0,"Ł2,858","Ł132,678","Ł54,620","Ł15,000",Ł0
Warrington Borough Council,E06000007,"Ł4,458,542","Ł5,502,397","Ł574,706","Ł1,762,850",Ł0,Ł0,"Ł20,000","Ł1,000,159",Ł0,"Ł155,013",Ł0,Ł0,"Ł4,478,542","Ł6,502,555","Ł574,706","Ł1,917,862",Ł0,Ł0
Warwickshire County Council,E10000031,"Ł2,108,323","Ł286,800","Ł417,891","Ł501,120","Ł1,943,400","Ł450,453","Ł10,000","Ł53,000","Ł129,821","Ł123,076","Ł60,000","Ł254,000","Ł2,118,323","Ł339,800","Ł547,712","Ł624,196","Ł2,003,400","Ł704,453"
West Berkshire Council,E06000037,"Ł539,841","Ł1,304,849","Ł905,685","Ł269,410","Ł260,000","Ł445,000","Ł6,031","Ł76,000","Ł827,352","Ł164,172","Ł2,874,000","Ł350,000","Ł545,872","Ł1,380,849","Ł1,733,037","Ł433,582","Ł3,134,000","Ł795,000"
West Sussex County Council,E10000032,"Ł5,557,900","Ł9,602,549","Ł18,899,601","Ł16,238,444","Ł10,008,803","Ł3,712,775","Ł40,000","Ł32,000","Ł20,438","Ł296,682","Ł482,000","Ł398,000","Ł5,597,900","Ł9,634,549","Ł18,920,039","Ł16,535,126","Ł10,490,803","Ł4,110,775"
Wigan Metropolitan Borough Council,E08000010,"Ł977,579","Ł1,955,838","Ł1,241,145","Ł1,024,234","Ł20,000","Ł1,500,000","Ł328,023",Ł0,Ł0,"Ł200,032",Ł0,Ł0,"Ł1,305,603","Ł1,955,838","Ł1,241,145","Ł1,224,266","Ł20,000","Ł1,500,000"
Wiltshire Council,E06000054,"Ł1,262,278","Ł1,080,568","Ł955,726","Ł132,880","Ł54,000","Ł20,000","Ł73,753","Ł38,596","Ł444,033","Ł44,263","Ł740,000","Ł640,000","Ł1,336,031","Ł1,119,164","Ł1,399,759","Ł177,143","Ł794,000","Ł660,000"
Wirral Borough Council,E08000015,"Ł80,000","Ł14,185","Ł5,815","Ł341,759","Ł30,000","Ł585,000",Ł0,Ł0,Ł0,Ł0,Ł0,Ł0,"Ł80,000","Ł14,185","Ł5,815","Ł341,759","Ł30,000","Ł585,000"
Wokingham Borough Council,E06000041,Ł46,"Ł111,070","Ł174,843","Ł85,053",Ł0,Ł0,Ł10,Ł0,Ł0,"Ł51,220",Ł0,Ł0,Ł56,"Ł111,070","Ł174,843","Ł136,273",Ł0,Ł0
Worcestershire County Council,E10000034,"Ł206,936","Ł680,649","Ł2,384,016","Ł2,466,817","Ł408,844","Ł343,088","-Ł7,413","Ł16,518","Ł714,888","Ł42,650","Ł765,516","Ł499,625","Ł199,524","Ł697,168","Ł3,098,905","Ł2,509,467","Ł1,174,360","Ł842,713"
Rutland,E06000017,Ł0,Ł0,Ł0,Ł0,Ł0,Ł0,Ł0,Ł0,Ł0,Ł0,Ł0,Ł0,Ł0,Ł0,Ł0,Ł0,Ł0,Ł0
